country,city,continent,Age,gender,Time_period,Date,Sport,Viewership source,ip addres
South Korea,Moppo,Australia,63,Male,7:41 pm,12/23/2023,soccer,Online,250.118.97.85
United States,New York City,North America,99,Female,5:40 pm,1/24/2024,table tennis,TV,56.26.234.55
Czech Republic,Loket,Australia,79,Male,11:23 am,01/06/2024,football,Social Media,220.230.167.215
Sweden,Borås,Europe,58,Female,6:17 pm,1/23/2024,basketball,Social Media,233.218.213.2
Bulgaria,Koynare,Australia,88,Female,2:14 pm,01/10/2024,judo,TV,63.88.232.203
Mexico,Buenavista,Africa,28,Female,2:58 pm,11/21/2023,soccer,TV,99.86.185.43
Argentina,Aranguren,Australia,87,Female,5:46 pm,1/27/2024,netball,Social Media,86.177.31.169
Dominican Republic,Bella Vista,,35,Male,5:27 am,1/27/2024,athletics,TV,143.159.178.131
Namibia,Outapi,South America,51,Male,9:00 pm,01/01/2024,basketball,Online,91.76.135.77
Indonesia,Bakau,Africa,39,Female,5:36 pm,12/02/2023,soccer,Online,32.207.187.205
Estonia,Viimsi,South America,46,Male,5:20 pm,11/15/2023,table tennis,Social Media,119.250.109.70
China,Jiangkou,Africa,50,Female,4:11 pm,1/28/2024,table tennis,TV,60.113.65.29
Zimbabwe,Inyati,Africa,62,Female,2:38 pm,01/11/2024,basketball,Online,155.88.176.176
China,Taoxi,,25,Female,4:24 am,12/28/2023,table tennis,Online,103.130.182.86
Indonesia,Ciranca Satu,Australia,41,Male,10:02 pm,11/08/2023,judo,Online,192.230.58.91
Israel,Rosh Pinna,South America,78,Female,3:58 am,1/25/2024,basketball,TV,124.187.49.173
China,Zaoshi,Africa,85,Male,2:24 pm,12/15/2023,tennis,Online,78.233.252.209
China,Tianhe,North America,83,Male,1:00 am,1/24/2024,karate,Online,23.197.207.127
China,Kertai,North America,20,Male,7:13 pm,1/26/2024,basketball,TV,189.27.59.222
Portugal,Valada,,23,Male,8:51 pm,1/18/2024,soccer,Social Media,152.122.200.89
China,Libei,Australia,86,Male,9:04 am,11/01/2023,soccer,TV,216.201.206.44
Uruguay,Santa Rosa,Europe,71,Male,8:57 pm,11/03/2023,table tennis,Social Media,131.129.93.11
Poland,Turośń Kościelna,Australia,97,Female,4:57 am,01/11/2024,judo,TV,208.245.135.217
China,Nanqiao,Australia,20,Female,4:16 pm,11/04/2023,basketball,Online,117.90.186.12
Japan,Ichihara,Asia,88,Female,2:18 am,12/15/2023,judo,TV,193.163.234.51
China,Xinglongchang,Africa,72,Male,3:30 am,1/26/2024,soccer,Social Media,10.125.185.99
China,Huangjiakou,North America,25,Female,5:41 pm,1/22/2024,badminton,Online,220.180.69.56
Thailand,Lom Sak,,49,Male,1:35 pm,01/02/2024,tennis,Online,49.143.189.193
Brazil,Três Pontas,Asia,87,Male,11:51 pm,12/21/2023,tennis,Social Media,232.1.241.192
Norway,Isdalstø,Australia,20,Female,10:45 am,11/24/2023,football,TV,156.112.170.195
China,Wenquan,Australia,73,Female,6:23 am,12/24/2023,table tennis,TV,58.75.95.191
Poland,Skórzec,Asia,77,Female,1:40 pm,01/03/2024,tennis,TV,156.99.132.9
Russia,Novocherkassk,North America,28,Male,8:56 pm,11/07/2023,netball,Social Media,214.132.102.82
United States,Tallahassee,North America,59,Female,4:33 am,01/12/2024,table tennis,Online,20.179.44.188
Slovenia,Jurovski Dol,Europe,36,Male,1:23 pm,12/18/2023,table tennis,Online,237.149.82.205
United States,Baltimore,,94,Male,7:48 am,12/06/2023,karate,Social Media,5.160.62.216
China,Tajike’abati,Africa,67,Male,4:42 am,01/08/2024,tennis,TV,124.96.57.224
Indonesia,Cibodas,,97,Male,1:19 pm,1/25/2024,karate,TV,10.76.220.205
China,Nanping,Asia,90,Female,10:31 pm,1/21/2024,soccer,TV,88.164.88.57
China,Shuihu,South America,47,Female,4:09 pm,11/14/2023,table tennis,TV,97.105.8.55
Chile,Vilcún,Africa,98,Male,4:27 am,1/14/2024,soccer,Social Media,80.178.126.82
Burkina Faso,Yako,Africa,33,Female,9:24 pm,12/12/2023,athletics,Online,143.118.135.216
Sweden,Trollhättan,North America,92,Male,7:11 pm,11/04/2023,table tennis,Social Media,91.81.174.10
Brazil,Lapa,Africa,63,Male,11:24 am,11/24/2023,soccer,TV,126.229.119.66
China,Ludishan,North America,55,Male,12:36 pm,01/07/2024,football,TV,158.248.151.7
Indonesia,Panimbang,South America,29,Female,12:30 am,11/03/2023,netball,TV,44.196.248.34
Tanzania,Mingoyo,Asia,43,Male,12:48 am,12/07/2023,karate,Online,34.223.129.14
Finland,Koukkuniemi,,22,Female,3:05 pm,11/04/2023,athletics,TV,101.35.145.161
Israel,Mazkeret Batya,Australia,85,Male,3:36 pm,12/02/2023,badminton,Online,240.28.216.50
Portugal,Pego Longo,Europe,38,Male,12:28 pm,11/26/2023,netball,Online,57.131.161.234
China,Aba,Africa,59,Male,2:20 pm,01/06/2024,soccer,TV,18.14.96.214
France,Châtillon,,89,Female,10:48 pm,01/05/2024,karate,TV,47.127.199.216
Pakistan,Basīrpur,Africa,44,Male,10:52 am,12/16/2023,athletics,Online,236.103.117.17
Yemen,Al Jarrāḩī,Australia,62,Male,4:41 pm,12/10/2023,tennis,Online,245.58.75.194
Nigeria,Makoko,North America,39,Male,2:27 am,01/03/2024,netball,Online,85.138.156.199
Czech Republic,Štítná nad Vláří,,78,Female,4:07 pm,12/04/2023,athletics,TV,251.32.216.169
Indonesia,Igir-igir,Australia,80,Male,8:45 am,1/27/2024,netball,Social Media,44.131.161.63
Greece,Álli Meriá,,95,Female,10:38 am,12/08/2023,tennis,TV,69.24.243.65
Albania,Miras,North America,73,Male,1:53 am,11/10/2023,basketball,Online,48.229.178.235
Indonesia,Ciduren,Australia,25,Female,9:43 am,11/27/2023,soccer,TV,173.239.54.61
China,Xiabuji,,38,Male,3:19 am,01/04/2024,football,Social Media,182.142.27.119
France,Hayange,,34,Male,4:19 pm,11/09/2023,football,Social Media,170.216.212.21
Russia,Sibay,Australia,40,Female,9:40 pm,12/22/2023,badminton,Social Media,121.101.231.55
China,Huangduobu,Australia,33,Female,8:32 pm,12/13/2023,karate,Social Media,235.252.93.250
Ukraine,Alchevs’k,Australia,34,Male,7:16 pm,1/16/2024,judo,Social Media,228.29.95.250
France,Caen,Australia,92,Male,1:15 pm,1/23/2024,judo,Online,250.245.86.159
China,Hongsipu,North America,25,Female,5:08 pm,12/23/2023,basketball,Online,161.224.43.111
Nicaragua,Puerto Cabezas,Australia,61,Female,5:53 pm,12/21/2023,tennis,Online,6.125.249.209
Portugal,Barreiro,North America,91,Male,4:29 pm,11/17/2023,netball,Social Media,83.62.219.251
Malaysia,Bandar Pusat Jengka,Africa,25,Male,11:54 pm,11/23/2023,judo,Online,21.238.238.136
South Africa,Botshabelo,Australia,90,Female,1:10 am,1/20/2024,tennis,TV,158.168.163.41
Indonesia,Senggapi,Australia,48,Male,12:10 am,12/15/2023,netball,Social Media,114.113.101.192
South Africa,Volksrust,North America,45,Female,3:42 am,11/16/2023,football,Online,45.89.98.25
Czech Republic,Humpolec,Australia,19,Female,8:20 pm,12/07/2023,tennis,Online,201.161.97.24
United States,Charlotte,Africa,27,Female,5:37 am,12/30/2023,athletics,Online,201.41.3.57
Russia,Sharan,Africa,30,Female,4:49 am,1/14/2024,tennis,Online,225.135.23.45
Russia,Mamedkala,,22,Female,11:13 am,12/10/2023,soccer,Online,52.179.64.216
Japan,Ōbu,Asia,49,Male,6:10 am,1/14/2024,football,TV,177.78.195.101
Indonesia,Boawae,Africa,56,Female,11:52 am,01/02/2024,table tennis,Online,74.11.13.200
Philippines,Santa Fe,Australia,42,Male,8:57 am,1/14/2024,athletics,Social Media,129.152.82.37
Spain,Santiago De Compostela,,88,Male,11:30 am,1/26/2024,tennis,TV,187.93.92.10
United States,Atlanta,North America,61,Female,11:55 pm,11/09/2023,tennis,Online,248.66.78.44
Sweden,Södertälje,Europe,67,Male,3:24 pm,11/25/2023,football,Social Media,169.30.155.160
Indonesia,Lupak,Africa,68,Female,6:12 am,01/05/2024,table tennis,Online,79.251.200.162
Egypt,Akhmīm,Australia,66,Female,8:43 pm,12/24/2023,judo,Social Media,117.79.252.31
Brazil,Lagoa do Itaenga,Asia,80,Female,8:09 am,12/04/2023,athletics,Social Media,254.18.1.121
Uzbekistan,Bulung’ur,Australia,97,Female,2:55 pm,12/23/2023,soccer,Online,18.29.254.146
South Korea,Gyeongsan-si,Africa,71,Female,10:17 am,1/14/2024,judo,Social Media,83.94.103.166
Russia,Yuzhno-Sukhokumsk,North America,48,Female,1:26 am,11/02/2023,netball,Social Media,240.117.48.177
China,Raoyang,Australia,93,Female,5:56 am,11/16/2023,basketball,Online,95.255.215.244
Brazil,Itabaiana,South America,71,Male,9:33 pm,01/05/2024,netball,TV,117.145.53.124
Ukraine,Perechyn,South America,74,Female,7:48 pm,01/06/2024,karate,TV,49.132.114.155
Hungary,Dunaújváros,North America,100,Female,8:50 am,1/18/2024,table tennis,Social Media,23.226.235.22
Tanzania,Mwaya,Australia,19,Male,1:23 pm,11/29/2023,football,Online,154.167.94.157
China,Huanghua,Europe,92,Female,11:58 am,12/24/2023,netball,TV,39.179.226.197
Indonesia,Tawangsari,Europe,66,Female,1:35 am,11/08/2023,judo,Social Media,215.138.182.62
Finland,Liperi,Africa,32,Male,2:07 am,12/31/2023,netball,TV,131.20.67.242
Peru,Chiara,Australia,61,Male,8:05 pm,11/29/2023,judo,TV,226.55.74.209
Indonesia,Singkup,Asia,95,Male,7:47 am,11/08/2023,karate,Social Media,225.0.95.182
Indonesia,Kekeran,Asia,79,Female,5:17 am,12/14/2023,netball,Social Media,117.237.131.72
France,Oyonnax,Africa,35,Male,6:22 pm,1/25/2024,athletics,TV,167.90.104.69
China,Wangmo,Europe,86,Female,9:11 am,12/22/2023,athletics,Online,238.227.137.81
Russia,Shchelkovo,Europe,34,Female,4:55 am,11/09/2023,soccer,TV,92.169.162.69
Paraguay,San Patricio,Africa,26,Female,5:21 pm,11/03/2023,netball,Social Media,70.240.39.92
Sweden,Umeå,South America,86,Female,5:51 pm,1/18/2024,soccer,TV,62.76.229.19
Czech Republic,Nové Město pod Smrkem,Europe,70,Female,4:42 pm,11/29/2023,tennis,Social Media,164.161.28.104
Indonesia,Lembung Tengah,South America,89,Female,8:43 pm,11/10/2023,football,TV,27.33.83.208
Switzerland,Zürich,Asia,35,Female,6:42 pm,12/09/2023,football,TV,234.90.125.165
Ukraine,Koryukivka,Africa,44,Female,1:47 pm,11/25/2023,judo,Online,79.74.36.190
Indonesia,Pasiripis,Australia,92,Male,10:55 am,1/22/2024,netball,Social Media,157.15.0.238
Bosnia and Herzegovina,Donja Mahala,Africa,53,Male,4:58 pm,12/09/2023,karate,TV,121.253.160.189
Russia,Tëplaya Gora,Europe,71,Female,9:06 pm,1/20/2024,athletics,Online,86.33.34.214
Czech Republic,Nýřany,,63,Female,12:25 pm,11/23/2023,judo,Social Media,4.175.45.198
Croatia,Negoslavci,Africa,37,Female,6:19 pm,12/28/2023,judo,Social Media,109.12.135.104
Colombia,Guataquí,Europe,24,Female,8:28 pm,01/11/2024,netball,TV,59.150.19.57
Bolivia,Paurito,North America,19,Female,11:27 pm,12/11/2023,soccer,Social Media,221.165.182.40
China,Donghe,Australia,52,Female,5:54 am,11/09/2023,soccer,TV,29.77.118.153
Malaysia,Kuching,Europe,21,Female,5:25 pm,12/06/2023,athletics,Online,201.225.244.150
China,Paizhou,,89,Female,7:15 pm,11/02/2023,netball,Social Media,138.27.219.205
Russia,Knyaze-Volkonskoye,,45,Male,6:16 am,01/02/2024,soccer,Social Media,120.168.255.113
Nigeria,Rabah,,61,Female,5:36 pm,12/18/2023,basketball,Online,98.74.239.24
Brazil,Parobé,Europe,44,Male,10:58 pm,01/03/2024,tennis,TV,126.20.81.35
China,Yuqunweng,Australia,88,Female,7:52 am,12/28/2023,table tennis,Social Media,230.10.61.88
China,Daoqiao,North America,67,Female,12:43 pm,11/06/2023,badminton,Social Media,75.157.99.232
China,Hanghuadian,Africa,90,Female,10:42 pm,11/29/2023,judo,TV,138.86.105.63
Japan,Saijō,Africa,53,Male,10:18 pm,11/27/2023,judo,Social Media,68.80.149.90
Portugal,Vinhais,South America,72,Male,10:08 pm,01/04/2024,badminton,Online,118.210.156.147
Ukraine,Reshetylivka,Africa,60,Male,12:34 pm,12/26/2023,soccer,TV,190.205.71.221
Colombia,Floresta,Australia,56,Male,8:13 am,12/21/2023,karate,TV,87.100.200.233
Brazil,Nova Petrópolis,Asia,49,Female,9:37 pm,11/15/2023,basketball,Social Media,152.94.17.25
China,Qiewa,South America,88,Male,12:31 am,11/06/2023,soccer,Online,208.55.91.248
United States,Boulder,Asia,37,Female,8:52 am,11/14/2023,basketball,TV,172.227.122.10
Czech Republic,Pecka,Australia,96,Female,7:31 am,01/09/2024,karate,Online,77.110.247.217
Afghanistan,Asadābād,Asia,18,Male,12:39 pm,01/08/2024,karate,Social Media,206.0.70.124
Palestinian Territory,Yuta,Africa,52,Female,3:53 am,01/07/2024,badminton,Social Media,222.240.48.183
Italy,Messina,Australia,23,Female,3:39 am,12/04/2023,football,Social Media,1.72.229.11
Mozambique,António Enes,Europe,61,Female,1:15 pm,01/12/2024,tennis,Online,119.34.171.93
Sweden,Sölvesborg,Asia,50,Male,11:41 am,12/15/2023,football,Social Media,201.67.77.86
Indonesia,Haruman,Europe,90,Male,12:54 am,12/23/2023,netball,Social Media,123.158.22.236
China,Zuobude,North America,31,Male,1:59 pm,12/04/2023,athletics,TV,53.100.175.249
China,Ekou,Africa,91,Male,12:44 pm,12/25/2023,soccer,Online,125.174.130.108
China,Beigucheng,North America,57,Female,1:59 am,12/20/2023,soccer,Online,60.79.118.23
Indonesia,Kedungwaru,South America,80,Female,7:14 pm,12/27/2023,basketball,Online,106.215.53.121
Armenia,Alaverdi,North America,64,Male,12:21 pm,01/08/2024,tennis,TV,40.120.177.248
Canada,Princeton,Europe,92,Male,9:43 pm,11/03/2023,karate,Online,123.209.155.62
China,Nansan,Asia,60,Female,5:10 am,1/19/2024,netball,Online,124.254.25.15
Niger,Nguigmi,Europe,61,Male,1:48 am,12/12/2023,badminton,Social Media,228.134.148.191
Indonesia,Jatiklampok,Africa,57,Female,2:50 pm,12/29/2023,judo,TV,204.219.199.169
China,Zishan,,36,Female,11:20 pm,1/20/2024,athletics,Online,171.208.188.236
Bolivia,Mairana,North America,41,Female,11:26 pm,12/05/2023,badminton,Social Media,185.49.75.239
Brazil,Macaé,Africa,46,Male,12:04 am,12/29/2023,athletics,Social Media,215.35.31.18
Portugal,Arneiro,North America,47,Female,12:11 pm,12/19/2023,karate,Online,196.99.12.161
Argentina,El Colorado,North America,22,Male,3:24 pm,12/05/2023,netball,Social Media,254.187.190.50
Bosnia and Herzegovina,Pjanići,Africa,55,Female,9:25 am,12/29/2023,tennis,Social Media,82.158.7.209
Germany,Remscheid,Africa,39,Female,5:31 am,01/03/2024,badminton,Social Media,229.176.112.91
Indonesia,Krajanjugosari,Asia,49,Male,2:38 pm,12/23/2023,tennis,Online,138.234.176.140
China,Shalizhai,Africa,43,Male,2:08 am,12/30/2023,netball,Social Media,83.198.28.83
China,Mafang,Africa,93,Female,1:08 pm,11/11/2023,judo,TV,203.123.102.134
Dominican Republic,Salsipuedes,South America,90,Male,11:31 am,12/28/2023,football,Social Media,217.245.110.223
Ukraine,Horodnya,Africa,18,Male,6:33 am,12/24/2023,netball,Social Media,57.205.186.150
Croatia,Gračac,Asia,21,Female,3:42 pm,01/08/2024,basketball,Online,84.52.39.157
Chile,San Carlos,Australia,77,Male,3:33 am,12/07/2023,netball,Online,241.132.130.238
Guatemala,Olopa,Asia,66,Male,6:13 pm,11/24/2023,badminton,TV,97.114.204.43
Central African Republic,Ndélé,Australia,91,Male,8:33 pm,1/15/2024,badminton,Online,26.108.76.137
Philippines,Balingcanaway,South America,47,Female,12:02 am,12/17/2023,karate,Social Media,242.139.140.57
Malaysia,Sandakan,Africa,76,Female,10:32 pm,12/20/2023,judo,Social Media,232.136.89.77
Sweden,Kalmar,Africa,75,Male,1:45 pm,12/13/2023,karate,Online,118.73.149.64
Indonesia,Jangkungkusumo,Asia,77,Male,3:43 am,01/03/2024,netball,Social Media,228.107.218.66
Indonesia,Bobojong,Asia,69,Female,4:10 am,11/09/2023,badminton,TV,67.159.133.87
Philippines,Bunol,Australia,87,Female,4:50 pm,1/17/2024,football,Online,240.123.244.169
Iran,Sarakhs,South America,50,Female,11:36 am,11/14/2023,karate,Social Media,60.112.200.142
Ivory Coast,Agnibilékrou,Asia,79,Male,2:24 am,11/01/2023,basketball,Online,66.149.27.40
Poland,Babice,Africa,27,Female,11:41 am,12/21/2023,karate,Social Media,21.101.221.169
China,Yizhang Chengguanzhen,Asia,41,Female,9:41 am,12/07/2023,athletics,Online,13.152.25.71
Kuwait,Al Finţās,South America,76,Male,2:40 am,1/23/2024,badminton,Social Media,5.229.111.137
Peru,Huacapampa,Europe,67,Female,6:51 pm,12/17/2023,soccer,Social Media,224.70.188.25
France,Nancy,Europe,68,Male,5:49 am,11/20/2023,netball,TV,38.171.40.182
Brazil,Xanxerê,North America,18,Male,1:39 pm,11/14/2023,netball,Online,139.31.38.85
Guatemala,San Juan Bautista,,58,Female,12:01 pm,1/27/2024,table tennis,TV,141.201.0.208
Indonesia,Klole,Africa,77,Male,10:52 pm,11/21/2023,badminton,Social Media,14.161.22.88
France,Sablé-sur-Sarthe,North America,47,Female,7:23 pm,1/27/2024,basketball,Online,96.239.171.180
Indonesia,Gununganyar,South America,79,Female,6:15 pm,1/20/2024,basketball,TV,112.231.207.119
China,Heshui,Asia,42,Male,1:09 am,11/07/2023,badminton,Online,55.188.204.181
Indonesia,Nglengkir,Asia,31,Female,10:50 pm,12/27/2023,judo,Social Media,246.200.88.137
Indonesia,Haruai,Australia,22,Male,3:12 am,12/29/2023,badminton,TV,46.27.232.30
Greece,Pámfylla,Africa,32,Female,10:42 am,11/24/2023,table tennis,TV,181.185.255.71
Philippines,Hagonoy,Australia,41,Female,8:00 pm,11/07/2023,table tennis,TV,33.151.122.102
China,Shigongqiao,Asia,78,Female,7:00 am,11/25/2023,basketball,TV,150.143.124.16
Luxembourg,Moutfort,Asia,85,Male,10:11 am,11/03/2023,badminton,Social Media,245.17.107.233
Ecuador,Latacunga,North America,56,Female,8:03 am,1/19/2024,soccer,TV,107.206.110.81
Philippines,Mabunga,Australia,97,Male,2:13 pm,12/14/2023,football,Social Media,6.239.224.180
Morocco,El Hajeb,Europe,36,Female,3:38 am,11/28/2023,judo,Social Media,121.13.40.182
China,Xishan,Africa,95,Male,11:53 am,11/27/2023,table tennis,Online,255.95.248.231
South Korea,Koesan,Europe,38,Female,5:26 am,1/30/2024,badminton,Online,146.252.42.92
Poland,Tuchomie,South America,24,Female,10:34 am,12/06/2023,tennis,TV,91.185.37.1
Macao,Macau,Australia,58,Female,7:24 am,11/29/2023,netball,Online,166.191.221.140
Japan,Kodamachō-kodamaminami,Africa,27,Male,5:07 pm,12/05/2023,netball,Online,149.223.236.236
Portugal,Bobadela,Asia,88,Male,5:54 pm,1/29/2024,netball,Online,137.205.123.30
Brazil,Forquilhinha,Africa,51,Female,8:53 pm,12/30/2023,karate,Social Media,237.91.190.71
Nigeria,Kwali,Europe,69,Female,3:25 am,12/24/2023,basketball,Social Media,56.220.44.44
China,Hengdong Chengguanzhen,,71,Female,8:25 pm,11/24/2023,netball,Online,36.121.161.88
Burkina Faso,Nouna,Africa,49,Male,5:12 pm,01/11/2024,athletics,Social Media,17.54.106.250
France,Issoire,,23,Male,5:13 am,12/18/2023,table tennis,Social Media,211.66.165.12
China,Xiong’erzhai,South America,40,Male,5:08 am,01/11/2024,basketball,Online,22.69.110.199
China,Canghou,South America,80,Female,10:50 am,1/19/2024,table tennis,Online,156.62.160.81
Poland,Rędziny,Europe,86,Female,5:35 pm,12/06/2023,karate,Social Media,75.111.2.31
Ukraine,Lazeshchyna,Africa,20,Female,5:50 am,11/17/2023,tennis,Social Media,163.182.75.218
France,Montesson,North America,47,Female,2:00 pm,12/24/2023,netball,TV,174.28.232.156
Russia,Silikatnyy,Asia,85,Male,7:28 am,12/23/2023,football,Online,49.226.80.163
Tajikistan,Vahdat,Europe,94,Female,5:29 pm,11/22/2023,football,TV,97.92.65.46
Cocos Islands,West Island,,58,Female,8:14 am,01/04/2024,soccer,TV,190.242.223.10
United States,Knoxville,North America,46,Female,7:58 am,11/01/2023,basketball,TV,173.248.202.156
Peru,Huaylillas,North America,76,Male,8:21 pm,11/17/2023,netball,TV,101.179.42.51
Poland,Mrzeżyno,Asia,58,Female,10:11 am,1/25/2024,football,TV,68.43.88.4
Paraguay,Villa Florida,Australia,89,Male,11:43 pm,1/15/2024,judo,TV,106.209.202.133
Philippines,Marbel,Europe,38,Female,10:01 am,11/19/2023,athletics,Online,251.85.6.52
Sweden,Halmstad,South America,92,Male,12:12 am,12/26/2023,judo,Online,27.113.197.107
Panama,Portobelo,Asia,84,Female,10:20 am,01/01/2024,soccer,Online,147.23.28.249
Mongolia,Tahilt,Asia,73,Female,3:42 am,12/07/2023,soccer,Social Media,135.20.198.162
Japan,Tsuruoka,Africa,31,Female,9:32 pm,12/30/2023,tennis,Social Media,24.69.123.197
Poland,Wólka Pełkińska,Australia,20,Male,7:58 am,11/17/2023,soccer,TV,45.228.41.249
United States,Knoxville,Asia,19,Male,9:00 am,12/13/2023,judo,TV,43.65.171.136
North Korea,Onsŏng,South America,82,Female,5:00 am,1/19/2024,football,TV,139.169.16.42
Greece,Zevgolateió,,70,Male,1:01 pm,11/07/2023,soccer,TV,67.98.66.162
Indonesia,Bandung,Europe,50,Female,1:23 am,01/09/2024,tennis,TV,67.38.199.242
Indonesia,Kuafeu,Africa,35,Male,12:11 pm,11/01/2023,karate,Social Media,39.74.124.26
Greece,Aiánteio,South America,48,Female,4:17 am,12/29/2023,basketball,Online,177.168.147.152
Brazil,Lago dos Rodrigues,Europe,87,Female,8:00 pm,1/16/2024,judo,Social Media,242.96.7.89
Serbia,Ruma,South America,41,Female,12:01 am,12/07/2023,karate,Social Media,101.48.184.244
Russia,Irtyshskiy,Europe,34,Male,5:15 am,1/26/2024,basketball,Online,121.17.98.209
Philippines,San Jacinto,Africa,57,Male,10:42 am,1/21/2024,athletics,Social Media,243.131.32.222
France,Avranches,,23,Male,1:47 pm,12/20/2023,table tennis,Online,224.236.3.114
Indonesia,Sumberkertokrajan,,28,Female,12:45 am,11/19/2023,basketball,Online,122.110.186.120
Greece,Sofádes,South America,56,Female,11:14 am,01/06/2024,judo,Social Media,203.179.52.249
Kazakhstan,Ush-Tyube,Europe,80,Female,2:33 am,12/07/2023,basketball,Social Media,159.138.56.179
Canada,Varennes,Asia,39,Male,6:10 pm,1/21/2024,athletics,Online,64.149.57.92
Japan,Niitsu-honchō,Asia,28,Male,8:40 pm,12/03/2023,basketball,Online,195.173.6.65
China,Hongjiazui,Australia,74,Male,9:34 pm,1/25/2024,soccer,TV,249.55.173.44
Indonesia,Datarsitu,,41,Male,1:35 pm,1/27/2024,badminton,Social Media,20.130.130.35
Saudi Arabia,Tabūk,North America,97,Female,7:13 pm,1/17/2024,netball,Online,14.27.161.254
Guadeloupe,Basse-Terre,Africa,53,Male,10:59 am,11/03/2023,basketball,Online,66.135.222.50
United Kingdom,Halton,Australia,84,Female,7:13 am,12/12/2023,soccer,Social Media,138.147.181.242
China,Jishan,North America,85,Male,11:04 pm,12/06/2023,tennis,Online,228.100.89.237
South Africa,Somerset East,Europe,33,Male,6:31 am,1/20/2024,athletics,TV,125.25.236.147
China,Gaoming,South America,22,Female,8:07 pm,1/22/2024,soccer,Social Media,251.253.217.109
Sweden,Övertorneå,South America,89,Male,3:28 am,11/07/2023,football,TV,209.156.81.177
China,Luofang,Australia,55,Female,4:36 am,11/15/2023,football,Online,57.5.67.229
China,Shimen,South America,70,Male,5:23 am,11/06/2023,badminton,Online,175.125.70.55
Germany,Bonn,Europe,51,Male,1:29 am,1/19/2024,table tennis,TV,246.251.118.28
United States,Huntsville,Australia,29,Female,9:08 am,01/01/2024,soccer,Online,17.112.223.85
China,Xinghua,Asia,86,Male,1:08 pm,12/15/2023,soccer,Online,252.172.63.107
Bangladesh,Raojān,,33,Female,5:37 pm,11/05/2023,soccer,TV,182.102.146.190
Poland,Drawsko,Asia,43,Female,9:47 am,12/14/2023,tennis,TV,172.197.98.6
Japan,Jōetsu,Australia,32,Male,3:53 pm,11/12/2023,tennis,Online,135.5.34.249
Venezuela,Catia La Mar,South America,51,Male,9:50 pm,01/02/2024,judo,TV,185.188.135.121
Pakistan,Warburton,Africa,63,Female,12:58 am,12/14/2023,table tennis,Online,101.199.39.36
Indonesia,Kuangsan,Australia,51,Female,6:27 am,12/12/2023,table tennis,Social Media,107.220.124.148
Albania,Gjoçaj,South America,22,Male,12:20 am,1/23/2024,football,TV,64.49.61.139
Brazil,Mendes,Africa,18,Female,5:53 am,12/10/2023,badminton,Social Media,36.71.64.250
Kazakhstan,Shīeli,North America,37,Male,5:52 pm,11/24/2023,football,Social Media,236.56.237.141
China,Pinglin,Europe,47,Male,5:54 am,1/29/2024,soccer,Social Media,59.218.90.167
Malaysia,Alor Setar,,98,Female,4:23 pm,1/21/2024,table tennis,Online,45.62.224.98
Brazil,Gavea,North America,21,Male,2:26 pm,01/09/2024,table tennis,Online,253.153.74.222
Chile,Molina,South America,64,Male,1:58 pm,1/18/2024,table tennis,Online,30.11.183.8
Brazil,Barueri,North America,56,Male,4:27 pm,11/23/2023,badminton,Online,116.181.143.61
Sweden,Helsingborg,South America,61,Female,5:14 pm,12/24/2023,athletics,TV,102.68.166.29
Sweden,Borås,Asia,86,Male,3:32 pm,11/29/2023,basketball,TV,229.236.110.91
Brazil,Ribeirão Pires,Australia,22,Male,6:21 pm,12/12/2023,karate,TV,187.77.211.152
China,Luoxi,Australia,32,Female,4:28 pm,1/25/2024,football,TV,226.115.238.51
Indonesia,Pabuaran,Africa,37,Female,5:04 am,11/04/2023,badminton,Online,125.134.36.118
Armenia,Dzoraghbyur,North America,47,Female,1:32 pm,12/16/2023,table tennis,TV,224.68.93.18
Syria,Sulūk,,74,Female,7:57 am,1/23/2024,football,TV,239.79.2.195
Japan,Okegawa,,59,Male,12:44 am,11/16/2023,tennis,TV,37.78.127.41
Hungary,Zselickislak,,56,Male,6:31 pm,1/14/2024,table tennis,Social Media,50.82.89.187
Venezuela,El Hatillo,Africa,59,Female,2:57 pm,1/13/2024,basketball,TV,37.33.79.13
Albania,Shirgjan,,84,Female,9:58 am,12/03/2023,athletics,TV,243.211.94.160
Morocco,Fifi,Asia,49,Female,7:22 pm,12/11/2023,basketball,Online,203.52.247.223
Argentina,Pampa del Infierno,Australia,48,Female,5:19 pm,12/10/2023,karate,Online,22.14.75.194
Ukraine,Novomykolayivka,,78,Male,3:10 am,11/14/2023,karate,Social Media,109.99.245.69
Indonesia,Kalianyar Selatan,Europe,49,Male,6:59 am,12/03/2023,basketball,Online,62.100.99.211
Indonesia,Batulenger Barat,,88,Female,3:38 am,11/29/2023,tennis,TV,201.99.155.2
France,Rumilly,Asia,68,Female,9:01 am,12/13/2023,table tennis,Online,132.57.64.243
Indonesia,Kotabunan,South America,99,Female,11:26 pm,11/05/2023,tennis,Social Media,30.50.143.72
Cameroon,Kumbo,,55,Female,10:53 am,1/28/2024,judo,TV,19.44.66.24
Indonesia,Sarae,Africa,52,Female,5:30 pm,11/24/2023,soccer,Social Media,32.158.242.148
Jamaica,Black River,North America,52,Male,11:43 pm,1/28/2024,soccer,Online,155.88.7.122
Ecuador,Balzar,Asia,23,Female,6:11 am,11/11/2023,soccer,Online,81.3.14.128
Indonesia,Padangan,South America,85,Female,11:08 pm,1/23/2024,football,Online,137.167.168.239
Philippines,Mileb,Asia,66,Female,1:46 am,01/10/2024,soccer,Social Media,35.89.32.155
Comoros,Ouzini,Asia,45,Female,11:22 pm,12/02/2023,tennis,TV,188.233.231.8
Colombia,Albania,Australia,73,Female,11:34 am,12/31/2023,table tennis,TV,96.252.86.147
Russia,Khrebtovaya,Europe,62,Female,7:24 am,12/24/2023,badminton,Social Media,95.216.116.132
Indonesia,Rancabelut,Asia,76,Male,8:36 pm,11/25/2023,netball,Social Media,218.6.242.116
Sweden,Falkenberg,South America,48,Male,3:32 pm,11/14/2023,athletics,TV,67.251.197.95
Sweden,Enköping,Australia,81,Female,11:57 pm,1/23/2024,soccer,Social Media,155.169.23.44
France,Roubaix,Africa,84,Male,5:59 pm,11/14/2023,athletics,Online,204.219.245.121
France,Perpignan,North America,95,Male,11:46 pm,11/27/2023,basketball,Social Media,31.146.168.67
Argentina,Garupá,,98,Female,10:41 pm,11/14/2023,tennis,Social Media,101.229.120.103
Nigeria,Jebba,North America,21,Male,4:06 pm,12/17/2023,karate,Online,96.128.90.112
Portugal,Santa Cruz do Bispo,,30,Female,7:00 pm,12/31/2023,table tennis,Online,166.100.171.177
France,Cachan,Africa,44,Male,9:59 am,01/12/2024,basketball,Social Media,63.8.197.199
Croatia,Prelog,South America,83,Female,6:39 pm,12/15/2023,athletics,TV,159.132.21.179
Indonesia,Lembongan Kawan,Asia,50,Female,10:45 am,1/15/2024,basketball,TV,135.52.89.67
Thailand,Pom Prap Sattru Phai,Africa,47,Female,9:00 pm,12/11/2023,football,Online,25.171.43.55
Slovenia,Lendava,South America,71,Male,1:46 am,01/07/2024,soccer,Social Media,30.76.147.172
Mexico,Emiliano Zapata,,64,Female,12:59 pm,11/11/2023,athletics,Social Media,189.207.4.117
United States,Fort Myers,North America,30,Female,9:17 am,1/16/2024,tennis,TV,44.105.201.229
Portugal,Pinhal da Marquesa,,29,Male,10:22 am,12/16/2023,athletics,Online,182.102.49.39
Poland,Dziergowice,South America,76,Male,9:51 pm,1/26/2024,football,TV,188.72.29.243
Nicaragua,Bluefields,Australia,58,Female,8:07 pm,12/10/2023,judo,Social Media,160.178.226.190
Madagascar,Anjepy,Europe,44,Male,9:59 am,11/10/2023,football,Social Media,119.10.210.202
Russia,Cherskiy,Asia,43,Female,3:49 pm,11/05/2023,basketball,TV,58.145.162.32
Indonesia,Balangpule,Australia,45,Male,6:39 pm,12/31/2023,football,Online,187.83.71.92
Russia,Idritsa,North America,61,Male,9:06 pm,11/19/2023,karate,TV,126.25.113.236
Indonesia,Pagelaran,Europe,64,Male,1:59 am,12/17/2023,athletics,Online,183.247.118.30
China,Qingshi,Asia,35,Female,3:27 am,1/18/2024,football,Social Media,57.244.146.30
Brazil,São Miguel do Araguaia,Asia,78,Male,10:50 pm,12/04/2023,soccer,TV,234.102.250.101
China,Zhangxiong,Africa,52,Male,4:26 pm,11/12/2023,badminton,Online,30.224.60.45
Thailand,Phrae,Africa,87,Female,4:08 am,12/20/2023,tennis,Social Media,43.106.29.208
Russia,Perovo,Africa,94,Female,9:14 pm,12/07/2023,table tennis,TV,191.109.230.147
Czech Republic,Kvasice,Africa,95,Male,8:42 pm,12/26/2023,tennis,Online,155.151.24.172
Indonesia,Rantaupanjangkiri,North America,98,Female,4:36 am,12/25/2023,judo,Online,10.97.175.5
China,Longsha,North America,70,Female,6:01 am,11/17/2023,tennis,Online,219.240.109.80
China,Wan’an,Africa,37,Male,4:46 am,1/21/2024,tennis,TV,250.238.66.119
China,Tuohua,Africa,39,Male,5:28 am,1/13/2024,karate,Social Media,146.180.47.214
Bulgaria,Batanovtsi,South America,80,Male,3:13 am,12/22/2023,karate,Social Media,133.221.80.135
Greece,Ávato,Europe,71,Female,9:41 am,01/04/2024,karate,TV,127.139.177.25
Thailand,Nam Som,Australia,98,Male,5:54 am,1/26/2024,karate,Online,236.98.55.154
Poland,Kościelec,North America,34,Male,4:39 am,1/19/2024,table tennis,TV,71.9.128.133
Indonesia,Krajanjugosari,Australia,96,Female,6:18 am,1/24/2024,soccer,TV,117.157.79.20
Indonesia,Baratan,Asia,21,Male,1:05 pm,12/02/2023,netball,TV,190.178.57.196
Peru,Mariposa,,75,Female,7:12 am,11/07/2023,basketball,Social Media,6.12.237.245
Brazil,Cajueiro,Australia,26,Male,3:53 am,12/31/2023,netball,Online,97.93.33.126
China,Yongdeng Chengguanzhen,Europe,44,Male,7:45 am,01/07/2024,athletics,TV,158.1.79.182
France,Sartrouville,Asia,93,Female,4:17 am,12/31/2023,table tennis,TV,60.213.206.156
Latvia,Varakļāni,,99,Female,8:39 pm,11/05/2023,karate,Online,143.183.27.2
Paraguay,Colonia Yguazú,North America,88,Male,12:26 pm,11/13/2023,basketball,Social Media,223.151.105.218
Portugal,Conceição da Abóboda,Australia,69,Male,11:44 am,1/27/2024,table tennis,Online,128.230.77.114
Venezuela,Bruzual,Asia,40,Female,2:34 pm,12/28/2023,badminton,Online,226.247.94.231
China,Duntou,North America,98,Male,8:00 am,1/14/2024,tennis,Social Media,215.12.233.200
Brazil,Neópolis,Asia,69,Male,8:36 am,11/23/2023,basketball,Online,158.151.143.58
Russia,Yelizavetinskaya,Australia,80,Male,4:45 pm,11/18/2023,soccer,Online,179.114.192.37
Brazil,Matinha,South America,59,Male,3:51 pm,12/20/2023,table tennis,Social Media,43.47.40.83
Saudi Arabia,Riyadh,North America,22,Female,1:23 am,01/09/2024,judo,TV,96.26.108.103
Peru,Pacaycasa,,65,Female,2:27 am,12/01/2023,basketball,Online,180.99.112.238
China,Wufeng,Australia,57,Male,12:57 pm,12/16/2023,netball,Online,81.203.90.70
China,Shazikou,Africa,23,Male,9:15 am,11/10/2023,badminton,TV,46.222.10.136
Russia,Bokino,Asia,53,Female,5:12 pm,11/01/2023,judo,TV,165.85.237.164
Guatemala,San Pedro Necta,North America,69,Male,9:15 am,12/05/2023,soccer,TV,166.61.56.92
Brazil,Jatobá,Europe,37,Female,7:38 pm,11/11/2023,athletics,Online,19.199.19.126
Indonesia,Cijangkar,South America,74,Male,2:24 am,1/17/2024,table tennis,Online,101.203.28.233
China,Zhangjiawan,South America,83,Female,6:58 am,1/18/2024,karate,Social Media,116.23.79.101
Indonesia,Kabukarudi,Europe,100,Male,4:41 pm,12/29/2023,tennis,TV,232.57.192.100
China,Yongfeng,Europe,49,Male,7:45 am,11/29/2023,football,Online,159.18.62.44
Poland,Sypniewo,,35,Female,2:25 am,1/17/2024,table tennis,TV,110.233.193.133
Portugal,Praia da Vitória,Europe,59,Male,4:57 am,12/30/2023,netball,Online,88.34.217.129
Belarus,Borovlyany,,59,Male,3:22 pm,11/20/2023,badminton,TV,52.52.51.29
Indonesia,Jeruk,,54,Male,9:19 am,11/20/2023,athletics,TV,60.188.176.53
Indonesia,Cigagade,North America,47,Female,6:15 pm,11/23/2023,judo,Social Media,90.153.138.61
Russia,Balakhninskiy,Africa,68,Female,3:56 am,01/06/2024,football,TV,166.13.59.185
Colombia,Firavitoba,Africa,94,Female,6:05 pm,11/21/2023,table tennis,Social Media,118.183.6.47
Indonesia,Kawahmanuk,Europe,95,Female,11:47 pm,11/27/2023,athletics,Social Media,143.138.163.69
Sierra Leone,Binkolo,Europe,95,Male,7:17 pm,11/21/2023,netball,Social Media,213.160.107.246
France,Tarbes,North America,62,Female,2:46 pm,11/23/2023,table tennis,Social Media,242.150.101.161
Zimbabwe,Inyati,Africa,75,Female,9:11 am,1/26/2024,badminton,Online,79.214.24.86
Brazil,Paraíso,Asia,65,Male,2:38 pm,11/21/2023,football,Online,207.104.228.64
Philippines,Malbug,Asia,79,Male,4:42 pm,12/22/2023,soccer,TV,163.45.242.240
Croatia,Štitar,Asia,45,Male,4:36 pm,11/15/2023,football,TV,231.115.154.55
Russia,Losevo,Africa,56,Female,11:45 pm,12/07/2023,table tennis,Online,57.129.142.85
Ireland,Gort,,47,Female,7:27 am,12/29/2023,basketball,Social Media,115.86.155.67
China,Jiaozuo,Asia,49,Female,6:43 pm,1/13/2024,badminton,Online,136.139.168.140
China,Huangtukuang,Africa,94,Male,8:06 am,01/05/2024,judo,Social Media,225.21.190.211
Russia,Okhotsk,,72,Female,7:37 pm,12/21/2023,basketball,Social Media,61.199.30.197
China,Gahe,Australia,78,Male,1:15 am,11/18/2023,table tennis,Online,18.203.120.154
Indonesia,Era,Australia,24,Male,4:52 am,11/11/2023,table tennis,Social Media,102.184.6.59
Syria,Ma‘dān,Africa,58,Male,3:44 am,1/25/2024,judo,TV,78.81.107.48
Indonesia,Jembe Timur,North America,44,Female,12:30 am,11/13/2023,judo,Online,76.1.207.121
China,Jinshanzui,Africa,94,Male,9:55 pm,11/08/2023,badminton,TV,176.73.20.76
Indonesia,Sidamukti,,25,Female,3:28 pm,1/23/2024,badminton,Online,127.54.5.106
China,Xianglan,North America,56,Male,5:40 pm,12/25/2023,karate,Online,162.209.32.244
China,Shuitian,Australia,86,Male,11:06 pm,11/01/2023,tennis,Online,35.224.120.96
Russia,Vorontsovka,Australia,84,Male,1:05 pm,11/18/2023,badminton,TV,190.238.205.246
Thailand,Phonphisai,Australia,80,Male,2:32 am,1/30/2024,badminton,TV,151.69.118.3
Jordan,Ash Shajarah,North America,94,Female,9:49 am,11/10/2023,table tennis,Online,140.213.249.48
Indonesia,Kesamben,Australia,35,Female,9:12 pm,01/09/2024,soccer,TV,98.249.172.40
Nepal,Birendranagar,Australia,80,Male,8:19 am,01/01/2024,basketball,TV,186.91.212.143
China,Gaoxiang,Europe,87,Male,2:42 am,01/02/2024,basketball,Online,221.238.236.216
Russia,Klyuchevsk,North America,66,Female,10:48 pm,12/02/2023,athletics,Online,199.27.145.63
Portugal,Almada,Asia,56,Male,4:22 pm,01/01/2024,table tennis,Online,84.202.61.113
Portugal,Mirandela,North America,42,Female,2:05 pm,11/16/2023,table tennis,Social Media,217.56.166.185
Azerbaijan,Vurğun,Australia,62,Male,8:54 pm,12/04/2023,karate,TV,188.117.1.131
Czech Republic,Petřvald,North America,65,Male,4:25 pm,11/13/2023,karate,Social Media,246.68.5.121
Russia,Zeya,North America,76,Male,1:13 pm,11/13/2023,table tennis,Social Media,67.217.147.64
Colombia,San Alberto,,62,Male,4:02 am,11/21/2023,soccer,TV,248.102.70.12
Philippines,Marihatag,,36,Female,12:14 am,1/27/2024,athletics,Social Media,113.210.244.242
China,Linshi,,59,Female,7:50 am,1/19/2024,karate,TV,82.90.181.190
China,Lidun,Australia,100,Male,11:45 am,11/06/2023,karate,TV,154.35.90.7
China,Taipingchuan,Australia,36,Male,3:45 pm,12/01/2023,soccer,Social Media,143.239.84.238
Croatia,Jesenice,Asia,33,Female,3:37 am,1/30/2024,basketball,Social Media,125.87.46.14
Peru,Congas,South America,24,Male,8:43 pm,11/18/2023,judo,Social Media,136.39.188.85
Indonesia,Banjar Laing,Africa,50,Female,2:09 am,11/06/2023,karate,Online,131.169.156.208
Mauritania,Aleg,,96,Female,6:53 pm,12/10/2023,badminton,Online,217.58.115.44
Palestinian Territory,Za‘tarah,Asia,52,Female,5:47 pm,12/24/2023,badminton,TV,151.156.45.7
Belgium,Antwerpen,Africa,27,Female,11:12 pm,01/11/2024,athletics,Online,77.155.18.181
Morocco,Taza,North America,85,Male,3:18 pm,11/01/2023,netball,Online,199.249.60.174
Indonesia,Pandak,North America,96,Female,9:25 am,1/22/2024,badminton,Online,0.197.154.228
Russia,Volodarsk,,79,Female,5:06 pm,12/09/2023,tennis,TV,7.61.217.81
Croatia,Šenkovec,North America,63,Male,5:15 pm,1/19/2024,tennis,Social Media,142.9.0.76
China,Ningxi,Africa,87,Male,12:31 pm,12/24/2023,judo,TV,63.90.209.32
United States,Wilmington,Africa,63,Female,6:05 am,11/18/2023,karate,Social Media,155.54.58.20
Jordan,Ḩalāwah,Europe,63,Male,8:02 pm,1/27/2024,athletics,TV,161.46.156.15
China,Wosai,Africa,51,Male,7:32 pm,11/06/2023,karate,Social Media,136.225.189.55
Egypt,Isnā,North America,19,Female,4:32 am,11/14/2023,badminton,Online,126.146.64.224
Russia,Bryansk,Asia,60,Male,2:06 am,12/05/2023,tennis,Online,14.129.169.118
Cameroon,Mbandjok,,73,Female,4:22 am,1/29/2024,table tennis,Online,235.115.118.107
Paraguay,Carayaó,Asia,35,Male,6:58 pm,12/23/2023,soccer,Social Media,206.217.195.57
Sweden,Kristianstad,Australia,74,Female,2:33 am,11/16/2023,tennis,TV,0.128.66.75
Mongolia,Mörön,,59,Female,6:54 am,11/16/2023,soccer,Social Media,102.236.255.189
Russia,Sokol,North America,76,Male,3:55 am,12/14/2023,soccer,Social Media,90.48.52.131
China,Baiyinnuole,Australia,18,Female,10:14 am,12/04/2023,tennis,TV,35.165.236.164
Indonesia,Karangpeton,Australia,87,Female,12:17 am,12/30/2023,badminton,Online,154.199.90.10
China,Huitang,North America,99,Female,11:04 pm,12/30/2023,badminton,TV,95.42.218.179
South Africa,Brits,North America,74,Male,12:31 am,12/17/2023,badminton,Online,103.144.21.120
Russia,Saint Petersburg,North America,27,Female,6:38 pm,11/29/2023,soccer,TV,115.152.138.21
China,Geshan,,73,Female,6:54 am,11/19/2023,badminton,Online,235.161.46.92
China,Zhutian,Asia,93,Female,1:49 am,11/09/2023,soccer,TV,246.130.58.79
Mexico,Venustiano Carranza,Europe,86,Female,6:52 am,11/01/2023,soccer,Online,121.13.240.82
Philippines,Tagbilaran City,,34,Male,1:08 am,11/02/2023,karate,Online,45.251.14.67
Uruguay,San Bautista,Europe,33,Male,3:40 pm,11/04/2023,tennis,TV,165.75.47.245
Czech Republic,Zbýšov,Asia,29,Male,4:22 pm,11/22/2023,athletics,Online,16.156.120.113
Philippines,Katipunan,Australia,19,Female,8:36 pm,12/19/2023,soccer,Social Media,94.161.25.239
China,Gongchenqiao,Australia,100,Male,10:10 pm,1/15/2024,karate,Social Media,113.58.38.117
Indonesia,Penisihan,Africa,71,Female,3:14 am,12/23/2023,tennis,Online,15.225.223.64
Finland,Liminka,South America,100,Female,8:39 pm,1/26/2024,netball,TV,217.11.138.176
Germany,Bochum,Asia,93,Male,11:49 pm,11/22/2023,badminton,Online,145.14.121.239
Sweden,Luleå,North America,84,Male,4:25 pm,11/02/2023,football,Online,219.188.82.248
Thailand,Fao Rai,Asia,38,Female,9:01 pm,12/03/2023,football,TV,100.222.16.135
China,Guangfu,Europe,56,Male,12:27 am,11/11/2023,basketball,Online,89.72.58.44
Afghanistan,Rabāţ-e Sangī-ye Pā’īn,Australia,79,Male,11:33 am,12/28/2023,soccer,Social Media,144.0.254.4
Serbia,Nova Varoš,Europe,39,Female,1:18 am,12/16/2023,basketball,Social Media,160.111.120.82
China,Cangzhou,Asia,65,Male,1:37 am,11/15/2023,athletics,TV,146.14.25.87
Portugal,Valongo,Europe,40,Female,1:57 am,11/18/2023,table tennis,Social Media,111.107.229.176
Colombia,Tumaco,Asia,66,Female,12:19 pm,11/17/2023,football,Online,244.233.226.21
Canada,Labelle,Africa,71,Male,5:52 pm,11/17/2023,soccer,Social Media,221.185.245.103
Yemen,Ar Rujum,Australia,85,Male,4:07 pm,01/12/2024,football,Social Media,175.112.255.57
Serbia,Zvezdara,Africa,81,Male,1:48 pm,11/01/2023,badminton,Online,230.81.150.34
Russia,Zykovo,Africa,90,Female,9:43 pm,01/05/2024,soccer,TV,227.2.167.136
Sri Lanka,Minuwangoda,,30,Female,6:03 am,1/27/2024,badminton,TV,93.116.9.188
Indonesia,Sindang,Europe,39,Male,8:38 am,12/05/2023,judo,Online,201.33.10.251
Poland,Rakszawa,Europe,79,Female,7:03 pm,1/22/2024,soccer,TV,147.226.230.26
China,Jiaokou,Asia,59,Male,8:55 am,12/04/2023,tennis,Online,158.145.96.21
Guatemala,Colotenango,Australia,28,Male,8:56 pm,11/18/2023,tennis,TV,25.23.86.71
Indonesia,Leran Kulon,Europe,99,Female,11:41 pm,12/22/2023,judo,Social Media,138.171.254.239
Philippines,Patria,Australia,63,Female,3:54 am,11/01/2023,badminton,Social Media,44.5.51.30
China,Qiandian,Australia,45,Male,3:21 am,11/04/2023,judo,Online,67.218.183.87
Tanzania,Igunga,South America,50,Female,9:12 pm,1/29/2024,basketball,Social Media,137.202.38.161
China,Sijing,Asia,77,Female,7:51 am,11/22/2023,judo,Social Media,116.245.79.34
China,Yaopi,Asia,87,Male,8:16 am,11/13/2023,tennis,Social Media,0.138.64.33
Greece,Gaïtánion,Africa,62,Female,11:31 am,12/17/2023,judo,Social Media,88.65.109.12
Brazil,Tarauacá,,47,Male,3:58 pm,01/04/2024,table tennis,TV,187.182.105.80
South Africa,Burgersfort,,30,Female,10:59 pm,01/04/2024,basketball,Social Media,67.34.101.205
Indonesia,Kembangkerang Satu,Asia,38,Male,1:45 pm,11/28/2023,basketball,Online,12.183.99.177
China,Qingqu,,20,Female,9:57 pm,1/19/2024,table tennis,TV,167.226.232.12
Czech Republic,Vladislav,Europe,43,Female,6:13 am,12/27/2023,netball,Online,5.219.255.252
Philippines,Napnapan,Africa,90,Male,5:10 pm,11/30/2023,tennis,Online,54.67.196.123
Indonesia,Sukarama,Australia,37,Male,3:18 am,1/30/2024,netball,Social Media,247.29.66.100
China,Zhongyuan,Asia,95,Male,5:33 am,12/03/2023,judo,TV,92.104.37.168
Argentina,Esquina,Australia,47,Female,4:33 pm,12/10/2023,netball,Social Media,65.149.34.127
Brazil,Garibaldi,North America,39,Male,11:18 pm,1/21/2024,football,Social Media,160.147.206.111
Philippines,Manamrag,,53,Female,1:55 am,11/21/2023,tennis,Online,102.217.237.72
China,Guidong Chengguanzhen,,62,Male,11:21 am,12/30/2023,table tennis,Social Media,38.125.51.27
Poland,Bielawy,,58,Male,7:43 pm,1/24/2024,netball,Social Media,25.83.167.169
China,Luodian,North America,85,Female,3:01 pm,12/11/2023,basketball,Social Media,97.107.12.55
China,Qiaosi,Europe,94,Female,12:57 pm,12/06/2023,basketball,Social Media,43.5.223.50
Vietnam,Kon Tum,Europe,21,Male,1:40 am,12/11/2023,athletics,Social Media,62.9.148.255
China,Taiyanghe,North America,77,Male,1:56 am,11/24/2023,karate,TV,57.208.34.105
Sri Lanka,Kalutara,South America,95,Male,4:10 am,01/10/2024,soccer,Social Media,167.113.38.27
Myanmar,Shwebo,Africa,92,Female,5:12 pm,12/27/2023,badminton,TV,86.224.144.155
Colombia,Montelíbano,North America,47,Male,3:00 am,11/10/2023,athletics,TV,3.212.139.143
France,Lyon,South America,59,Female,4:19 pm,12/04/2023,badminton,Social Media,198.160.76.16
Czech Republic,Ostroměř,,19,Female,3:51 am,1/15/2024,football,Social Media,249.149.124.152
Japan,Hekinan,Africa,25,Male,1:55 am,01/11/2024,soccer,TV,80.22.13.235
China,Shuanglongchang,Africa,52,Female,9:16 pm,11/13/2023,football,Online,76.180.51.161
United States,Detroit,Australia,94,Female,3:33 am,11/01/2023,soccer,TV,99.221.71.94
Niger,Tillabéri,North America,92,Female,8:49 pm,1/18/2024,karate,Social Media,254.180.63.7
Indonesia,Jeong,Australia,36,Female,1:40 pm,11/10/2023,karate,Social Media,134.214.88.185
Mali,Tessalit,North America,68,Male,12:03 am,12/17/2023,football,TV,247.98.106.136
Sweden,Stockholm,South America,49,Female,11:24 pm,01/05/2024,soccer,Online,47.46.48.142
Cuba,Nuevitas,Asia,69,Female,12:55 am,11/30/2023,tennis,Online,76.129.47.109
Finland,Orimattila,Australia,86,Female,2:17 pm,11/28/2023,karate,TV,33.83.79.191
Sweden,Örnsköldsvik,North America,85,Female,6:25 pm,11/28/2023,judo,Social Media,205.192.92.163
Ecuador,Piñas,Africa,25,Female,12:42 pm,11/22/2023,karate,TV,118.171.238.67
Indonesia,Kertorejo,Europe,21,Female,8:46 pm,01/12/2024,basketball,Online,227.214.20.240
Egypt,Ḩalwān,South America,52,Female,4:02 am,1/16/2024,netball,Social Media,57.203.65.58
Thailand,Sam Chuk,Australia,65,Female,7:58 pm,1/21/2024,judo,Social Media,43.53.232.119
Belarus,Khoyniki,South America,87,Female,1:25 pm,11/06/2023,tennis,TV,157.83.14.241
Philippines,Santa Teresa,Africa,24,Female,5:55 pm,01/11/2024,basketball,TV,172.214.30.248
Lithuania,Vilkaviskis,Australia,45,Male,2:53 pm,11/15/2023,netball,Social Media,164.12.134.119
Czech Republic,Zadní Mostek,South America,76,Female,12:52 pm,12/01/2023,karate,Social Media,95.191.201.70
Colombia,Remedios,Europe,52,Female,6:34 pm,01/04/2024,table tennis,TV,75.58.109.128
Canada,Delaware,,42,Male,1:31 pm,12/12/2023,soccer,Social Media,231.243.74.60
Russia,Poputnaya,Asia,48,Male,6:52 am,01/12/2024,judo,TV,66.242.79.119
Colombia,Buenaventura,,66,Female,3:22 pm,01/01/2024,athletics,Online,74.141.123.5
Peru,Carhuamayo,Europe,80,Male,1:27 am,11/04/2023,judo,TV,215.245.43.153
Russia,Mama,Asia,73,Female,5:34 pm,11/03/2023,badminton,TV,43.109.3.186
Portugal,Pardelhas,Africa,82,Female,10:33 am,11/27/2023,football,TV,209.137.6.114
Philippines,Dawa-Dawa,Europe,91,Female,9:05 pm,11/11/2023,soccer,TV,4.39.215.157
Canada,Willowdale,Europe,51,Female,3:15 am,12/21/2023,athletics,Social Media,60.224.199.157
Indonesia,Karangbaru,Europe,95,Female,8:32 pm,12/20/2023,athletics,Online,252.230.238.185
Philippines,Dolores,Australia,74,Male,7:00 am,11/24/2023,athletics,Online,3.49.222.221
Maldives,Naifaru,,79,Female,10:37 am,12/15/2023,table tennis,TV,122.19.132.156
Belarus,Korolëv Stan,Europe,61,Female,12:41 am,01/05/2024,judo,TV,32.110.47.69
Azerbaijan,Qusar,South America,25,Male,2:50 pm,11/15/2023,netball,Social Media,72.32.64.26
China,Yanwo,,78,Female,2:36 am,12/26/2023,table tennis,TV,219.151.58.83
Russia,Yubileyny,South America,98,Male,8:52 am,11/09/2023,judo,Online,57.117.157.243
Cyprus,Sotíra,,77,Male,1:02 pm,01/10/2024,badminton,Social Media,27.169.2.230
Indonesia,Citalahab,North America,62,Male,2:53 am,12/13/2023,football,TV,98.122.124.95
Portugal,Casa Nova,Europe,78,Female,6:34 am,01/08/2024,judo,TV,65.218.147.203
China,Qiaotou,Europe,90,Female,7:40 am,12/21/2023,table tennis,Social Media,221.254.74.46
Philippines,Morong,Europe,42,Female,10:43 am,12/26/2023,badminton,TV,216.215.62.252
Argentina,Neuquén,,41,Female,11:30 am,11/08/2023,badminton,Online,113.156.159.70
Russia,Zhavoronki,Australia,84,Female,7:32 pm,11/14/2023,table tennis,TV,1.216.212.213
China,Anzi,South America,28,Male,8:31 pm,1/23/2024,karate,TV,51.170.224.126
Afghanistan,Qarqīn,Australia,90,Female,11:18 pm,12/21/2023,tennis,Social Media,109.111.208.193
Brazil,Maracaju,South America,82,Female,3:23 pm,11/20/2023,basketball,Online,120.164.18.126
Indonesia,Banjar Dauhpura,Australia,22,Female,5:14 am,1/19/2024,basketball,Social Media,220.109.102.174
Argentina,General La Madrid,South America,66,Female,3:09 am,12/30/2023,badminton,Social Media,232.47.122.51
Indonesia,Sonder,North America,62,Male,5:12 pm,11/17/2023,athletics,Social Media,227.42.189.29
Indonesia,Ngamba,,24,Female,11:12 am,1/25/2024,netball,Social Media,153.246.105.22
Hungary,Győr,North America,85,Male,9:09 pm,12/06/2023,karate,Social Media,166.137.88.34
Portugal,Celorico de Basto,Australia,65,Male,11:38 pm,01/01/2024,judo,TV,100.212.18.4
Thailand,Sung Noen,Africa,91,Male,3:55 am,11/09/2023,netball,TV,11.238.194.164
Russia,Uritsk,Africa,66,Male,12:36 pm,1/30/2024,athletics,TV,239.22.20.96
Indonesia,Cimaragas,South America,45,Male,5:13 am,1/24/2024,table tennis,Social Media,243.54.1.178
Argentina,Cipolletti,,81,Male,5:33 pm,12/24/2023,netball,Social Media,216.147.60.135
Portugal,Cimo de Vila,Australia,63,Female,6:19 pm,12/18/2023,basketball,TV,44.217.159.90
Tanzania,Mlandizi,Australia,48,Female,5:53 pm,01/12/2024,athletics,Online,70.199.163.139
Czech Republic,Vroutek,North America,49,Female,5:17 am,1/26/2024,netball,Online,48.189.233.24
Philippines,Bocos,Europe,39,Female,1:08 pm,1/24/2024,badminton,Social Media,157.212.82.221
Ukraine,Krolevets’,,55,Male,11:48 am,01/05/2024,karate,TV,152.194.12.88
Indonesia,Sedayulawas,,74,Male,2:00 am,12/05/2023,table tennis,Online,198.188.125.209
Japan,Zushi,,41,Male,3:40 am,11/28/2023,soccer,Social Media,84.217.198.153
Philippines,Lumbayan,South America,82,Female,10:39 am,11/16/2023,table tennis,Social Media,220.7.112.112
Tajikistan,Kŭlob,North America,98,Female,7:20 am,11/29/2023,judo,TV,86.185.59.31
China,Baishan,South America,73,Male,3:04 pm,12/02/2023,karate,Social Media,114.163.216.155
Bangladesh,Kushtia,Europe,44,Male,8:00 pm,12/11/2023,netball,Online,12.141.59.26
China,Dagkar,Australia,96,Female,1:22 am,12/02/2023,soccer,Social Media,103.136.92.11
Portugal,Aveiro,South America,34,Female,4:18 am,01/01/2024,athletics,TV,196.65.63.216
Syria,Kurnāz,Australia,44,Female,4:06 am,01/08/2024,badminton,Social Media,59.3.93.75
China,Xuezhen,Asia,44,Male,2:35 pm,11/07/2023,badminton,TV,174.42.225.110
Mexico,Rancho Nuevo,Africa,59,Female,1:23 pm,12/06/2023,judo,TV,122.254.112.241
China,Dongji,Asia,98,Male,10:44 am,11/15/2023,tennis,Online,56.240.110.252
Indonesia,Ajung,,79,Female,3:00 am,01/11/2024,karate,TV,85.95.211.75
Macedonia,Крушево,,88,Female,3:22 am,1/23/2024,judo,Social Media,188.215.6.232
Democratic Republic of the Congo,Bongandanga,North America,55,Female,4:11 pm,1/20/2024,athletics,Online,132.32.174.105
Egypt,Fuwah,Australia,92,Female,9:23 am,12/23/2023,football,TV,54.98.114.105
Norway,Bergen,Australia,82,Female,7:59 am,11/20/2023,tennis,TV,132.32.187.188
Albania,Derjan,Asia,53,Female,11:48 pm,11/08/2023,table tennis,Online,229.189.60.34
Cyprus,Émpa,Asia,48,Male,2:38 am,01/02/2024,karate,Social Media,164.144.62.107
Croatia,Plaški,North America,24,Female,9:50 pm,12/17/2023,badminton,Online,109.9.171.232
China,Quanyang,South America,52,Female,5:08 pm,01/03/2024,athletics,TV,180.47.145.241
Indonesia,Tanggung,North America,49,Female,10:38 pm,1/27/2024,soccer,Social Media,56.159.193.140
China,Qinhong,North America,53,Male,7:05 pm,12/04/2023,table tennis,Social Media,121.136.48.63
Indonesia,Kedungdoro,Africa,41,Male,2:02 pm,12/14/2023,netball,Online,212.185.190.194
Iran,Manūjān,North America,20,Male,5:45 am,11/09/2023,football,Social Media,61.80.185.60
Russia,Tsaritsyno,Asia,98,Male,7:32 am,11/30/2023,athletics,Online,225.101.200.190
Russia,Orlovskiy,Europe,99,Male,10:26 am,01/04/2024,table tennis,Social Media,125.56.212.199
Russia,Meshcherino,Australia,71,Female,2:43 am,1/24/2024,basketball,TV,185.23.102.219
Peru,Tingo María,North America,65,Male,11:19 am,12/09/2023,football,TV,244.152.157.16
Ukraine,Ustynivka,North America,52,Male,7:09 am,12/03/2023,netball,Online,56.132.202.160
Italy,Roma,South America,95,Female,7:57 am,1/22/2024,netball,Online,103.170.226.72
China,Jingling,Australia,79,Male,2:09 pm,1/28/2024,table tennis,Online,195.159.163.79
Thailand,Soi Dao,North America,72,Female,4:10 pm,11/23/2023,table tennis,TV,252.185.88.4
Venezuela,El Regalo,,26,Female,11:48 am,01/05/2024,karate,Online,69.11.112.159
Brazil,Brodósqui,Europe,70,Male,5:01 pm,12/02/2023,basketball,Social Media,242.29.60.208
Thailand,Pong,Asia,90,Male,10:21 am,12/15/2023,soccer,Online,218.206.16.61
China,Shixi,South America,79,Male,8:17 pm,11/15/2023,table tennis,TV,123.33.153.252
Indonesia,Prengtale,North America,20,Male,3:04 am,11/16/2023,judo,Social Media,95.4.148.128
China,Tian’an,South America,40,Male,11:56 am,1/19/2024,football,Online,171.169.164.120
Afghanistan,Aībak,Asia,24,Female,4:09 am,12/05/2023,tennis,Online,22.203.161.17
Dominican Republic,Otra Banda,Africa,33,Female,10:54 pm,1/18/2024,badminton,TV,202.100.37.101
Poland,Łukowa,Asia,57,Female,5:09 am,01/09/2024,football,Social Media,139.217.25.207
China,Luxi,Asia,80,Female,9:38 pm,11/11/2023,tennis,Online,239.21.39.72
China,Daba,Asia,90,Female,3:27 am,12/05/2023,table tennis,Online,164.123.72.19
China,Shaxi,Australia,75,Female,1:54 am,11/08/2023,judo,TV,96.225.20.233
China,Seke,Australia,55,Female,9:26 pm,12/26/2023,netball,TV,51.149.41.203
Thailand,Soi Dao,Africa,83,Female,10:42 pm,11/09/2023,table tennis,TV,118.1.22.178
Sweden,Flen,Asia,81,Female,8:54 am,01/09/2024,athletics,Social Media,128.69.166.125
China,Yueshan,Europe,48,Male,3:13 am,12/01/2023,athletics,Online,197.93.127.16
Indonesia,Tegalgunung,North America,82,Female,12:54 am,1/16/2024,tennis,Social Media,130.214.19.213
Nicaragua,San Jorge,Australia,63,Female,3:32 pm,12/06/2023,football,TV,140.107.185.212
Netherlands,Krimpen aan den IJssel,,94,Female,3:11 pm,11/09/2023,netball,Social Media,133.91.192.11
Russia,Shatalovo,South America,87,Male,4:43 am,1/14/2024,soccer,Social Media,2.60.188.235
Cuba,Campechuela,Australia,94,Female,2:54 am,1/13/2024,judo,TV,72.221.97.9
Portugal,Vila Nova da Baronia,Europe,26,Female,9:36 pm,12/16/2023,badminton,TV,107.115.99.249
China,Hongmen,Europe,21,Female,4:40 am,01/01/2024,athletics,TV,12.0.244.54
Peru,Tumbes,Africa,46,Female,5:23 pm,12/03/2023,badminton,Social Media,119.190.10.203
Germany,Berlin,Europe,58,Female,1:10 am,12/04/2023,judo,Social Media,154.54.171.221
Portugal,Corgo,Europe,23,Male,11:38 pm,12/01/2023,soccer,Online,35.34.231.132
Germany,Düsseldorf,South America,81,Female,7:02 am,12/05/2023,tennis,Online,86.70.46.156
South Korea,Seogeom-ri,Africa,75,Male,11:21 am,12/04/2023,netball,Online,204.40.30.14
Costa Rica,Curridabat,Europe,40,Male,1:45 am,12/02/2023,karate,Online,245.133.13.101
China,Dalianhe,Europe,67,Female,9:45 am,11/07/2023,netball,TV,46.83.223.145
China,Honggang,Asia,89,Male,12:11 pm,11/27/2023,table tennis,TV,78.126.83.104
Russia,Pashkovskiy,Europe,46,Male,2:08 pm,11/05/2023,soccer,Online,197.72.45.158
Sierra Leone,Alikalia,Australia,91,Female,6:51 am,12/23/2023,karate,TV,111.246.107.117
China,Jianggu,Australia,82,Male,10:12 pm,01/08/2024,table tennis,Social Media,200.7.61.173
Mexico,Hidalgo,South America,26,Male,5:14 pm,12/16/2023,soccer,Online,246.244.247.186
Poland,Ojrzeń,Europe,51,Female,12:35 pm,1/16/2024,soccer,Social Media,242.48.66.142
Vietnam,Nha Trang,Australia,71,Male,2:01 pm,12/10/2023,football,Social Media,220.9.95.3
Slovakia,Bratislava,Asia,48,Female,1:51 am,11/11/2023,table tennis,Social Media,113.46.12.65
Russia,Podgornaya,North America,67,Female,10:39 am,11/17/2023,netball,TV,122.29.47.232
Philippines,Banocboc,Africa,83,Male,7:44 pm,12/09/2023,basketball,Online,103.32.141.101
Nigeria,Uyo,South America,98,Male,2:03 pm,01/06/2024,soccer,TV,94.138.152.174
Mongolia,Mardzad,Africa,54,Female,3:30 am,11/11/2023,karate,TV,149.64.233.64
China,Beitai,South America,57,Female,3:53 am,12/23/2023,athletics,TV,197.18.216.235
Saint Vincent and the Grenadines,Byera Village,North America,69,Female,4:10 am,11/12/2023,judo,Social Media,70.161.144.241
China,Xiacang,Africa,65,Male,3:28 am,12/27/2023,athletics,TV,8.164.74.249
China,Dongping,Australia,45,Male,8:22 am,1/28/2024,athletics,Social Media,41.152.183.157
Philippines,Sexmoan,South America,62,Male,6:09 pm,01/09/2024,judo,Social Media,213.89.61.128
Ukraine,Pidhaytsi,North America,89,Female,4:29 pm,1/17/2024,soccer,Social Media,88.124.218.35
Indonesia,Gobang,South America,100,Male,1:05 pm,11/29/2023,basketball,Social Media,58.229.238.170
Indonesia,Cigintung,Europe,40,Female,11:47 pm,01/08/2024,netball,TV,134.145.56.213
China,Maojia,Africa,45,Female,12:20 pm,12/06/2023,judo,TV,128.228.110.203
China,Zijin,Australia,43,Male,8:32 am,11/03/2023,soccer,TV,2.111.221.202
France,Trélissac,Asia,27,Female,3:40 am,12/31/2023,table tennis,Social Media,24.140.6.207
Croatia,Posedarje,Asia,100,Female,10:43 pm,11/23/2023,badminton,Social Media,13.150.199.207
France,Montpellier,North America,93,Male,3:39 pm,11/09/2023,basketball,Social Media,98.203.162.96
Ukraine,Chervonopartyzans’k,South America,92,Male,3:27 am,01/09/2024,athletics,Online,169.140.211.219
Israel,Mitzpe Ramon,North America,22,Female,5:21 am,11/16/2023,badminton,Social Media,30.67.145.216
Mongolia,Ulaan-Ereg,Europe,37,Female,7:04 am,11/07/2023,football,Online,186.248.59.200
Malaysia,Sandakan,,62,Male,12:55 am,11/10/2023,football,TV,91.255.112.70
Philippines,Mambusao,Africa,29,Female,12:35 pm,01/01/2024,table tennis,TV,201.51.53.231
Thailand,Kap Choeng,Australia,35,Female,2:05 am,01/07/2024,judo,Online,241.238.215.239
Argentina,La Cruz,North America,66,Female,3:43 pm,11/29/2023,tennis,Social Media,63.32.150.117
China,Tuhe,North America,66,Female,9:42 am,12/04/2023,badminton,Social Media,39.132.227.40
Poland,Łazy,Africa,35,Female,1:44 pm,12/03/2023,judo,Online,252.201.53.201
United States,Las Vegas,Africa,56,Female,7:21 pm,11/28/2023,karate,Online,222.74.19.236
Indonesia,Lewolang,Asia,21,Male,11:39 pm,11/11/2023,soccer,Social Media,167.114.169.68
Ecuador,Azogues,Africa,53,Male,8:26 am,1/28/2024,soccer,Social Media,125.238.135.145
Brazil,Ibiúna,Asia,41,Male,5:03 am,11/26/2023,judo,Online,235.152.186.231
Czech Republic,Vrbice,South America,65,Female,11:20 pm,11/22/2023,karate,TV,221.85.37.120
Brazil,Ibicaraí,South America,57,Female,12:19 am,12/04/2023,netball,TV,96.54.187.172
Colombia,Ciénega,Asia,32,Female,4:10 pm,11/23/2023,judo,TV,134.251.219.157
Russia,Shimorskoye,Asia,18,Female,9:41 am,01/06/2024,judo,Online,33.19.240.82
Canada,Maskinongé,Europe,74,Female,10:29 am,1/14/2024,tennis,Social Media,93.37.232.143
Iran,Javānrūd,,58,Female,12:42 am,11/02/2023,karate,TV,155.120.79.177
China,Liaonan,Asia,68,Male,6:22 pm,11/27/2023,football,Online,48.38.53.75
Sweden,Täby,,47,Female,7:43 pm,11/15/2023,basketball,Social Media,1.98.196.108
Belarus,Baranovichi,North America,55,Male,10:50 am,1/23/2024,basketball,TV,239.236.111.247
Russia,Untolovo,North America,78,Female,9:34 am,12/17/2023,badminton,Online,78.67.24.133
Poland,Jastrzębia,,53,Male,7:56 pm,1/20/2024,soccer,TV,22.101.61.17
Brazil,Pôrto Barra do Ivinheima,Europe,83,Female,6:46 am,11/14/2023,soccer,Social Media,143.111.231.181
Russia,Temryuk,Australia,76,Male,4:41 am,01/02/2024,table tennis,Online,133.28.83.131
Palestinian Territory,Ḩalḩūl,Asia,94,Female,7:59 pm,12/17/2023,judo,TV,87.114.18.212
Argentina,Río Ceballos,Africa,57,Female,9:21 am,12/13/2023,soccer,Social Media,135.225.49.16
France,Nevers,South America,38,Male,8:47 am,11/03/2023,table tennis,Online,247.203.54.61
Kazakhstan,Talghar,South America,61,Male,12:39 am,11/22/2023,football,Online,9.196.246.134
Iran,Jam,Europe,98,Female,11:47 am,12/25/2023,karate,Social Media,63.10.99.51
Philippines,Panganiban,Africa,62,Female,1:59 am,12/03/2023,badminton,TV,22.100.253.210
Greece,Diavatá,Europe,50,Male,12:01 am,12/31/2023,tennis,Social Media,250.2.36.238
Russia,Muchkapskiy,North America,28,Male,2:23 pm,12/11/2023,athletics,Online,213.253.93.158
Poland,Sonina,Asia,60,Female,7:57 pm,12/24/2023,netball,TV,100.36.231.155
China,Luyang,North America,44,Male,4:43 am,12/15/2023,netball,Social Media,47.128.120.8
Philippines,San Jacinto,,35,Male,8:40 pm,12/15/2023,netball,Online,155.17.55.10
Puerto Rico,Guaynabo,,34,Female,1:35 am,1/16/2024,netball,Online,101.48.198.164
Brazil,Custódia,Europe,23,Male,3:02 pm,1/24/2024,football,Online,237.222.128.220
Russia,Mizur,Europe,86,Male,2:26 am,11/08/2023,judo,TV,215.225.248.59
Czech Republic,Šestajovice,Europe,53,Female,4:34 am,11/28/2023,table tennis,Online,88.132.193.23
Mexico,Ojo de Agua,North America,100,Female,8:33 am,11/29/2023,athletics,Social Media,39.230.32.211
Argentina,Villa Constitución,Europe,90,Male,7:08 pm,01/08/2024,badminton,TV,100.108.61.31
China,Xiabao,Europe,53,Female,10:48 am,01/03/2024,football,TV,41.171.48.181
China,Shuangzhu,,56,Male,4:18 pm,11/02/2023,judo,TV,209.183.9.91
Philippines,Cigaras,Africa,79,Female,3:00 pm,1/26/2024,badminton,Online,2.54.94.92
Philippines,Polo,Europe,39,Female,9:36 pm,1/29/2024,tennis,TV,8.217.241.108
Ukraine,Rozsypne,Australia,27,Male,9:37 pm,11/06/2023,netball,Online,68.151.117.242
China,Haokou,South America,50,Male,11:51 pm,12/15/2023,karate,Social Media,105.69.113.61
Japan,Niigata-shi,Australia,40,Female,9:22 am,11/03/2023,tennis,TV,233.194.229.17
China,Yongyang,North America,38,Male,2:49 pm,12/15/2023,football,TV,213.137.99.198
China,Nanxi,Asia,85,Male,6:58 pm,12/06/2023,karate,Social Media,21.9.102.138
China,Yiliu,,54,Female,1:10 pm,11/12/2023,athletics,Social Media,130.145.71.235
Indonesia,Bakung Utara,South America,23,Male,11:32 pm,11/30/2023,table tennis,Social Media,5.106.195.19
Russia,Novoorsk,Europe,54,Female,5:56 am,11/14/2023,soccer,TV,126.26.233.53
Philippines,Bacolod,North America,48,Female,9:08 am,11/13/2023,judo,TV,79.117.19.153
Burkina Faso,Sindou,Africa,80,Female,6:25 pm,11/04/2023,basketball,TV,45.23.17.133
Brazil,Rio Grande da Serra,,54,Female,7:19 am,12/23/2023,football,TV,98.225.41.216
Philippines,Pananaw,Asia,91,Female,12:57 pm,11/21/2023,tennis,Online,68.100.35.60
China,Xunzhong,Asia,98,Female,9:51 am,12/12/2023,athletics,Social Media,27.27.80.10
Jordan,Malkā,South America,66,Female,1:23 am,12/31/2023,tennis,Online,133.134.188.156
Ireland,Naas,,71,Female,2:39 am,12/15/2023,netball,Social Media,190.164.80.18
Indonesia,Oetuke,North America,66,Female,11:35 am,01/03/2024,badminton,Online,20.95.24.121
Poland,Łopuszna,,26,Male,8:44 am,11/22/2023,karate,TV,212.30.166.216
Netherlands,Kampen (Overijssel),,99,Female,9:01 am,1/22/2024,badminton,Social Media,75.79.168.13
Germany,Hamburg,,60,Male,12:27 pm,11/25/2023,judo,Online,179.10.184.245
China,Changjiang,Australia,47,Male,1:37 am,12/06/2023,badminton,TV,168.203.251.61
Peru,Vilque Chico,,95,Male,9:43 pm,1/28/2024,judo,Social Media,92.220.226.97
Indonesia,Jungkat Selatan,Australia,35,Male,3:07 pm,12/17/2023,netball,Online,235.227.222.154
Brazil,Mandaguari,North America,29,Male,11:32 pm,1/30/2024,football,Social Media,121.40.218.160
Spain,Valladolid,Australia,72,Male,8:14 am,11/30/2023,netball,Social Media,70.223.124.66
Burkina Faso,Gaoua,Australia,60,Female,6:11 pm,1/23/2024,judo,TV,149.27.171.188
Vietnam,Thị Trấn Quế,North America,26,Male,5:54 pm,12/04/2023,athletics,TV,213.3.227.158
China,Gejiu,North America,100,Male,3:12 pm,12/31/2023,badminton,Online,72.200.190.182
Indonesia,Riangbao,Europe,82,Male,10:55 pm,12/01/2023,basketball,Online,179.151.22.122
Pakistan,Pindi Gheb,,66,Male,10:37 am,1/29/2024,basketball,Social Media,224.198.105.62
United States,Oklahoma City,Africa,100,Female,1:20 am,1/23/2024,karate,Online,116.137.204.58
Portugal,Belos Ares,Africa,68,Female,8:43 am,12/09/2023,karate,TV,18.3.80.149
Finland,Hankasalmi,Asia,99,Male,12:38 am,11/03/2023,netball,TV,133.31.25.200
Portugal,Loureiro,North America,59,Female,9:26 pm,1/21/2024,table tennis,Online,101.194.154.110
China,Gaoling,Asia,32,Male,1:50 pm,1/28/2024,soccer,TV,50.83.90.124
Czech Republic,Bystré,South America,26,Female,1:36 am,12/05/2023,athletics,Online,159.55.61.195
Iran,Gorgān,Asia,40,Female,10:20 pm,11/03/2023,table tennis,Online,171.194.169.72
Myanmar,Kyaikkami,Europe,55,Male,9:42 pm,1/16/2024,tennis,Online,127.111.139.151
Portugal,Antas,Africa,46,Female,10:48 pm,11/08/2023,judo,Social Media,57.224.141.238
China,Xambabazar,,84,Male,11:01 am,01/08/2024,tennis,Online,242.79.201.232
Philippines,Tinampo,South America,28,Male,2:04 pm,12/04/2023,tennis,TV,249.157.127.203
Poland,Lubniewice,South America,32,Male,3:30 pm,11/12/2023,table tennis,Social Media,190.43.200.188
Russia,Tigil’,North America,20,Female,2:08 am,11/30/2023,netball,Online,178.77.216.159
Philippines,Santa Teresa First,,52,Male,6:06 pm,01/02/2024,tennis,TV,53.214.129.54
China,Fengqiao,Australia,30,Male,11:13 am,11/02/2023,football,TV,137.78.92.96
United States,Brooklyn,North America,45,Male,7:59 pm,11/26/2023,table tennis,Social Media,228.233.212.212
Thailand,Lue Amnat,,77,Male,8:46 am,11/01/2023,table tennis,Social Media,26.245.251.151
China,Yixingfu,,71,Female,8:53 am,12/18/2023,soccer,Social Media,61.222.198.133
China,Zhuangshi,Africa,48,Female,11:10 pm,11/22/2023,tennis,Online,253.218.62.92
Brazil,Ibiá,Africa,93,Female,7:29 am,11/15/2023,badminton,TV,126.41.172.136
Canada,Outlook,North America,88,Female,10:40 am,11/27/2023,tennis,TV,162.234.127.129
China,Hengjing,North America,44,Male,10:29 pm,12/09/2023,tennis,TV,26.107.170.180
Ecuador,Chone,Australia,67,Female,2:38 pm,12/10/2023,judo,Online,66.242.65.174
China,Jimsar,North America,56,Female,10:42 am,12/15/2023,netball,TV,32.37.100.71
China,Yangfeng,Africa,98,Male,6:55 pm,1/23/2024,soccer,TV,162.194.3.35
France,Amiens,South America,64,Male,3:12 pm,1/22/2024,netball,Online,3.238.173.100
Cuba,Sagua la Grande,Asia,43,Female,2:16 pm,12/25/2023,badminton,Online,250.240.94.122
Russia,Borisova Griva,,19,Male,5:26 am,11/07/2023,table tennis,Online,234.133.181.197
Philippines,Esperanza,Asia,66,Female,7:21 pm,11/02/2023,soccer,TV,223.58.158.17
Iceland,Laugar,South America,44,Female,7:45 pm,12/22/2023,judo,Social Media,17.105.99.136
United States,Norfolk,South America,60,Female,10:29 am,1/13/2024,judo,Online,39.17.109.42
Russia,Bershet’,,18,Male,9:27 am,01/09/2024,judo,TV,157.134.251.99
Poland,Książ Wielkopolski,,47,Female,4:06 pm,01/06/2024,tennis,Social Media,129.216.109.148
China,Beiyang,North America,38,Male,1:20 am,01/08/2024,netball,Online,150.170.107.145
Iran,Falāvarjān,South America,56,Female,5:24 am,1/13/2024,basketball,Social Media,47.112.253.67
Indonesia,Lambangan Kulon,Australia,69,Male,2:42 pm,12/14/2023,athletics,Social Media,239.234.220.184
Japan,Handa,Asia,38,Female,2:23 pm,01/11/2024,karate,TV,220.82.132.211
Indonesia,Klumbu,,49,Male,4:55 pm,01/07/2024,athletics,Social Media,132.169.49.41
Albania,Remas,Australia,69,Male,6:24 pm,12/18/2023,tennis,TV,56.118.137.146
China,Hedong,South America,32,Female,9:45 am,12/28/2023,athletics,Social Media,70.20.222.137
Russia,Mariinsk,Australia,67,Male,11:55 pm,12/01/2023,athletics,Online,135.236.15.165
Indonesia,Paloh,South America,60,Male,11:28 am,11/23/2023,athletics,Online,245.65.176.91
South Africa,Nongoma,Asia,63,Male,12:16 pm,11/14/2023,table tennis,TV,1.142.240.32
China,Guanxi,Europe,90,Female,6:20 pm,12/10/2023,table tennis,Online,11.170.170.121
Syria,Al Mālikīyah,Asia,77,Female,7:16 am,11/06/2023,football,TV,34.149.215.238
France,Cholet,Asia,40,Female,3:07 am,11/13/2023,badminton,Social Media,81.21.239.111
Portugal,São Mamede,Australia,80,Female,11:38 pm,11/21/2023,football,Social Media,25.246.164.47
Serbia,Lajkovac,Africa,46,Female,2:26 pm,11/29/2023,athletics,TV,127.191.97.15
Venezuela,Maripa,Asia,54,Female,2:22 pm,01/12/2024,badminton,Online,189.130.101.140
Iran,Fahraj,Africa,19,Male,4:07 am,11/21/2023,soccer,Online,181.221.34.34
Mauritania,Nouâdhibou,Africa,82,Female,9:47 am,12/06/2023,badminton,Online,24.61.157.70
Burundi,Makamba,Australia,43,Male,6:55 pm,11/09/2023,table tennis,Online,153.0.46.92
Indonesia,Krajan Suco,Africa,52,Male,3:49 pm,12/07/2023,football,Online,220.223.158.80
Spain,Jaen,Asia,31,Female,1:51 am,01/07/2024,netball,Online,193.86.130.232
France,Albi,Europe,62,Male,1:54 pm,1/18/2024,netball,TV,75.230.52.123
Philippines,Dulangan,Australia,79,Female,6:09 pm,11/25/2023,karate,Online,65.129.161.250
Indonesia,Cibingbin,South America,38,Male,11:26 am,1/19/2024,table tennis,Social Media,248.18.18.245
El Salvador,La Unión,South America,84,Male,11:56 pm,12/09/2023,netball,Online,222.28.243.176
Indonesia,Kuanfeu,,71,Male,7:43 am,11/29/2023,football,TV,16.200.204.27
Philippines,Villasis,Australia,89,Male,8:53 am,12/14/2023,basketball,TV,73.2.21.231
China,Dananyu,North America,46,Female,4:36 am,12/02/2023,table tennis,Social Media,242.184.101.21
Malaysia,Petaling Jaya,Asia,19,Male,7:54 am,11/15/2023,tennis,Social Media,173.30.133.103
China,Huiyi,,96,Male,4:49 pm,1/24/2024,soccer,TV,28.236.254.30
Ukraine,Velyki Mezhyrichi,,54,Male,10:16 am,12/14/2023,football,Social Media,165.209.67.70
Argentina,Jacinto Arauz,Europe,100,Male,6:08 pm,01/10/2024,athletics,Online,57.26.198.29
Tanzania,Bugene,Asia,40,Female,11:25 am,1/23/2024,judo,Online,223.1.28.125
Egypt,Quwaysinā,,42,Female,9:03 am,11/16/2023,basketball,TV,225.117.147.129
Colombia,Machetá,Europe,26,Female,12:55 pm,12/30/2023,athletics,TV,4.205.11.127
France,Miribel,Australia,73,Male,4:06 am,01/10/2024,netball,Online,144.163.209.58
Indonesia,Cimanggu,South America,91,Male,12:08 am,12/08/2023,badminton,TV,115.147.208.124
Philippines,Pulong Sampalok,Australia,80,Male,5:12 pm,11/13/2023,judo,Social Media,38.36.168.254
Syria,Talldaww,Australia,87,Female,2:11 pm,12/10/2023,tennis,TV,172.47.51.244
China,Jiamaogong,,80,Female,6:43 am,12/24/2023,football,Social Media,8.165.104.83
South Africa,Tembisa,Asia,24,Male,5:36 am,11/17/2023,badminton,Social Media,19.202.116.76
Greece,Angelochóri,Asia,22,Female,4:44 pm,12/26/2023,table tennis,Social Media,47.81.179.187
China,Liwu,,71,Male,8:39 pm,11/19/2023,tennis,Online,211.36.219.234
France,Beauvais,Africa,62,Female,4:15 am,11/15/2023,karate,TV,3.85.212.58
Honduras,San Juan de Planes,Asia,93,Female,7:16 pm,11/23/2023,netball,Online,137.58.103.255
Colombia,El Espino,Europe,92,Male,7:19 pm,12/09/2023,netball,Online,108.97.32.56
Portugal,Aldeia,Australia,100,Female,6:23 pm,12/25/2023,tennis,TV,53.27.69.221
China,Xiangrong,Asia,46,Female,1:08 pm,1/14/2024,netball,Social Media,12.93.135.182
Philippines,Gibato,Europe,87,Female,12:01 pm,1/20/2024,netball,Social Media,79.119.110.226
Poland,Łysomice,North America,46,Female,4:34 am,11/24/2023,badminton,Social Media,57.7.82.137
Philippines,San Isidro,Asia,64,Female,4:45 am,12/21/2023,soccer,Social Media,214.175.62.150
Germany,Ludwigshafen am Rhein,Asia,76,Female,8:50 pm,12/26/2023,table tennis,Social Media,110.60.228.216
Portugal,Alverca do Ribatejo,South America,92,Female,3:08 am,12/11/2023,table tennis,Social Media,188.59.136.250
China,Menghai,Africa,64,Female,1:35 am,1/29/2024,judo,TV,229.20.92.224
United States,Palatine,Asia,96,Female,10:53 pm,01/10/2024,tennis,Online,127.8.6.0
Philippines,Halayhayin,North America,44,Male,11:57 pm,1/28/2024,karate,Social Media,210.158.188.88
Portugal,Porto Alto,North America,51,Male,5:13 am,11/04/2023,judo,TV,213.211.251.11
Indonesia,Panyindangan,South America,33,Female,3:57 pm,11/05/2023,netball,TV,235.181.47.99
Mongolia,Uubulan,Asia,77,Female,7:21 am,11/29/2023,table tennis,Online,31.54.39.64
South Africa,Secunda,Europe,42,Female,1:32 pm,1/15/2024,football,TV,108.118.115.180
Brazil,Paty do Alferes,North America,32,Female,6:59 am,12/04/2023,badminton,Social Media,105.33.246.225
Poland,Chociwel,Australia,92,Male,6:27 am,12/26/2023,table tennis,Social Media,33.104.110.61
Ecuador,Naranjal,Europe,72,Male,12:09 pm,12/01/2023,netball,Social Media,65.54.27.84
Kazakhstan,Qalqaman,Asia,52,Female,7:31 pm,11/20/2023,soccer,Online,3.190.66.116
China,Huagu,Africa,43,Female,8:21 pm,12/14/2023,basketball,Online,62.12.146.141
Bangladesh,Mirzāpur,Europe,83,Male,9:23 pm,11/27/2023,soccer,Online,109.193.8.247
Cameroon,Bangangté,North America,69,Male,4:52 pm,01/01/2024,football,TV,135.204.15.115
China,Shanxi,Africa,57,Male,4:46 am,12/16/2023,soccer,Social Media,55.17.131.31
Azerbaijan,Amirdzhan,North America,89,Female,4:57 pm,1/26/2024,tennis,Social Media,14.117.62.163
United States,Washington,North America,29,Male,2:12 pm,1/24/2024,basketball,TV,30.156.139.114
Italy,Roma,Africa,67,Female,1:14 pm,12/17/2023,football,TV,166.178.93.136
Eritrea,Asmara,Africa,80,Male,2:43 pm,12/25/2023,basketball,Social Media,250.215.117.226
Colombia,La Jagua de Ibirico,,20,Female,2:20 pm,12/31/2023,basketball,Online,139.75.138.21
China,Zhujiaqiao,Asia,44,Female,12:26 pm,12/28/2023,basketball,Social Media,168.63.228.168
Germany,Hamburg,South America,76,Male,6:58 am,01/08/2024,karate,Social Media,30.168.178.249
China,Wangzha,,93,Male,4:21 pm,11/02/2023,tennis,TV,181.26.119.153
China,Lesuhe,,61,Female,9:34 am,11/04/2023,basketball,Social Media,68.230.141.182
Colombia,Ariguaní,Australia,36,Male,5:10 pm,12/16/2023,soccer,Online,172.167.236.118
Ireland,Charlesland,,28,Female,5:07 pm,12/14/2023,judo,Online,212.162.167.9
Mexico,Arroyo Seco,,38,Female,9:49 pm,1/14/2024,athletics,TV,201.206.208.140
Indonesia,Bantul,Africa,76,Male,11:34 am,11/19/2023,soccer,Social Media,121.124.84.76
Indonesia,Sukasari,Africa,38,Male,9:29 am,12/19/2023,basketball,Social Media,12.47.136.154
China,Tianzhen,Europe,19,Male,5:18 am,12/24/2023,football,Social Media,27.155.191.48
Madagascar,Sadabe,Australia,32,Female,11:14 pm,11/13/2023,badminton,Social Media,247.21.144.82
Russia,Prokhladnyy,,53,Female,2:03 am,1/13/2024,tennis,Social Media,177.50.21.13
Honduras,El Lolo,Asia,64,Female,2:48 pm,1/20/2024,athletics,TV,47.240.12.47
Spain,Fuenlabrada,,59,Female,11:53 pm,12/11/2023,karate,TV,226.252.92.45
China,Yunfu,North America,36,Male,6:05 am,1/14/2024,athletics,Social Media,180.43.123.197
Russia,Bystryanka,,31,Male,3:02 am,12/07/2023,table tennis,Online,216.98.91.87
Indonesia,Tutnae,Asia,100,Female,10:03 pm,11/19/2023,soccer,Social Media,5.22.69.217
Indonesia,Randuagung,Asia,53,Male,8:58 am,12/09/2023,tennis,Social Media,6.10.21.20
Russia,Pirogovo,North America,55,Male,2:34 am,11/18/2023,karate,Online,255.192.65.165
Indonesia,Sukacai Tengah,South America,90,Male,12:55 am,12/28/2023,table tennis,Online,28.153.67.95
Poland,Trzcinica,,86,Female,4:16 am,12/15/2023,karate,TV,135.178.75.151
Indonesia,Lalukoen Dua,Asia,18,Female,11:33 pm,1/27/2024,football,Online,59.180.116.179
Czech Republic,Poříčí nad Sázavou,Asia,33,Female,9:48 pm,11/13/2023,soccer,TV,187.172.68.87
Peru,Cujillo,North America,90,Male,2:26 pm,11/07/2023,basketball,Online,17.8.7.31
Serbia,Kuršumlija,North America,19,Male,9:54 am,12/04/2023,soccer,TV,39.175.25.18
Sweden,Hallsberg,South America,31,Female,12:43 am,11/13/2023,judo,Social Media,165.101.114.124
Argentina,Villa de Soto,Asia,35,Male,10:43 pm,01/07/2024,soccer,Online,228.19.46.252
Brazil,Rio de Janeiro,Africa,22,Male,6:34 pm,01/11/2024,basketball,Social Media,249.190.110.111
United States,Aurora,,45,Male,2:37 pm,12/22/2023,netball,Online,194.41.96.134
Japan,Gifu-shi,Australia,69,Male,3:26 pm,11/29/2023,basketball,Online,197.30.5.198
Indonesia,Sudo,Asia,51,Male,1:28 pm,11/18/2023,netball,TV,46.120.48.39
China,Hongkeli,Australia,93,Male,4:22 am,1/29/2024,netball,TV,125.236.91.217
Indonesia,Karanganyar,North America,21,Female,6:16 pm,11/19/2023,football,Social Media,55.93.30.128
Myanmar,Mawlamyine,Australia,31,Female,10:42 pm,11/17/2023,karate,Online,7.182.179.74
United States,Boise,Europe,44,Female,6:55 pm,11/15/2023,basketball,Social Media,146.58.90.206
Greece,Kynopiástes,Europe,75,Male,7:47 pm,11/30/2023,judo,Social Media,196.197.200.242
China,Fenghuang,South America,76,Male,4:10 pm,12/03/2023,football,Online,187.33.93.235
China,Badai,Australia,67,Male,10:15 pm,12/25/2023,judo,Online,44.121.174.226
China,Lugu,,43,Female,3:31 pm,1/14/2024,soccer,Online,65.153.118.86
Russia,Plast,Asia,87,Male,11:13 pm,1/17/2024,soccer,TV,204.83.58.62
Philippines,Dadus,Africa,81,Female,10:44 am,12/20/2023,football,TV,76.165.143.180
Czech Republic,Ptení,South America,43,Female,10:19 am,12/11/2023,athletics,TV,223.84.25.125
Finland,Pieksämäki,Australia,28,Female,12:45 am,12/17/2023,basketball,Social Media,149.25.50.200
China,Luodian,North America,100,Female,5:04 pm,01/04/2024,athletics,TV,189.52.250.189
Japan,Kosai-shi,North America,86,Male,1:01 am,1/16/2024,football,Online,241.4.208.189
Poland,Garbów,Africa,46,Male,7:50 am,12/31/2023,soccer,TV,191.209.16.27
Portugal,Foz do Arelho,Europe,55,Female,3:44 pm,1/28/2024,soccer,Social Media,79.141.105.182
Ukraine,Medenychi,Europe,20,Male,11:56 pm,01/12/2024,netball,Online,97.233.113.179
Indonesia,Lodan Wetan,Europe,36,Male,7:24 am,11/10/2023,football,TV,167.17.179.54
Czech Republic,Sezimovo Ústí,North America,32,Male,1:56 pm,12/09/2023,judo,Online,142.67.127.74
Colombia,Cocorná,,49,Female,8:59 am,12/02/2023,judo,Social Media,247.167.145.225
Russia,Zvenigorod,Australia,51,Male,12:43 am,12/12/2023,badminton,TV,25.223.221.51
Czech Republic,Velká Dobrá,South America,74,Female,3:47 pm,1/24/2024,netball,TV,109.86.89.52
Indonesia,Sukowidodo Barat,Australia,22,Female,2:02 am,12/24/2023,karate,Online,186.189.87.61
Kazakhstan,Stepnogorsk,Asia,23,Female,8:11 pm,11/09/2023,netball,Social Media,99.71.154.134
Sweden,Grängesberg,Australia,82,Male,9:40 pm,11/23/2023,netball,Online,206.97.57.206
United States,Phoenix,Africa,20,Male,2:41 am,01/08/2024,soccer,TV,65.138.122.222
Netherlands,Groningen,Asia,45,Female,11:33 am,12/13/2023,judo,Social Media,142.153.238.193
Guatemala,Yupiltepeque,Africa,64,Male,2:04 am,1/13/2024,football,Social Media,239.32.124.102
Russia,Kuvandyk,,85,Female,2:16 am,01/08/2024,soccer,Social Media,54.134.181.183
Indonesia,Sambilawang,,71,Male,1:48 pm,01/07/2024,karate,TV,246.218.148.206
Peru,Limatambo,Australia,46,Female,3:15 am,12/05/2023,tennis,Social Media,17.72.155.27
Colombia,El Doncello,,90,Female,8:42 am,12/28/2023,judo,TV,129.192.247.176
China,Nawu,South America,34,Male,7:44 am,12/21/2023,football,Online,4.205.0.94
Sri Lanka,Monaragala,Asia,56,Male,4:19 am,1/24/2024,soccer,TV,215.28.4.83
Portugal,Picoto,Africa,80,Female,11:02 am,1/21/2024,table tennis,Social Media,251.14.122.149
Poland,Chełmiec,North America,50,Female,5:07 pm,12/26/2023,badminton,Online,237.19.219.15
Poland,Przesmyki,North America,86,Male,7:01 pm,12/31/2023,tennis,Online,129.120.142.181
Russia,Plavsk,Asia,68,Female,11:06 pm,1/14/2024,karate,Online,225.142.55.219
China,Shichuan,Australia,29,Female,1:49 pm,12/09/2023,soccer,TV,172.38.191.12
China,Dianfang,,30,Female,3:52 am,11/26/2023,badminton,Social Media,62.246.165.26
Indonesia,Krajan,South America,60,Male,1:04 pm,11/03/2023,basketball,TV,64.145.227.91
Iran,Şafāshahr,Africa,34,Female,1:18 pm,11/05/2023,soccer,Online,2.148.247.69
China,Paingar,Africa,55,Male,6:22 am,12/22/2023,athletics,TV,12.130.195.80
China,Longsheng,,75,Female,7:16 am,12/16/2023,tennis,Social Media,165.54.173.9
Brazil,Paranavaí,Australia,97,Female,8:15 am,1/18/2024,judo,Online,91.229.189.227
Greece,Mitrópoli,North America,21,Female,2:03 pm,01/06/2024,football,Social Media,231.27.169.117
China,Chixi,North America,94,Male,1:55 pm,12/11/2023,judo,TV,228.137.101.241
China,Qiaolin,Asia,54,Female,2:53 am,12/25/2023,soccer,Online,98.179.118.116
Russia,Kanash,Europe,82,Male,9:46 am,01/01/2024,table tennis,Social Media,213.223.192.246
Israel,Mevo horon,North America,99,Female,12:48 pm,12/22/2023,judo,TV,6.100.249.198
China,Longxi,Asia,36,Male,1:30 am,11/25/2023,badminton,TV,202.199.237.18
Canada,Okanagan,South America,74,Female,9:35 pm,1/19/2024,netball,Online,249.39.152.94
China,Foshan,,26,Male,5:22 pm,1/20/2024,netball,Online,37.201.248.189
China,Macun,Europe,21,Female,4:31 am,12/05/2023,karate,Social Media,178.55.232.191
China,Guanba,Asia,33,Female,10:25 pm,12/06/2023,netball,Social Media,29.205.111.82
Iran,Qom,,48,Female,10:09 pm,11/20/2023,judo,Social Media,173.224.237.144
Iraq,An Nāşirīyah,Australia,88,Female,5:34 am,12/11/2023,tennis,Social Media,138.62.55.71
China,Jiangjia,Europe,74,Male,8:35 pm,12/22/2023,basketball,Social Media,209.16.29.69
Russia,Yumaguzino,Africa,54,Female,11:37 am,1/23/2024,judo,TV,66.33.77.247
China,Gaoqiao,Europe,77,Male,10:30 am,11/18/2023,table tennis,TV,247.41.30.11
China,Beigucheng,Africa,31,Male,2:33 pm,12/01/2023,tennis,Social Media,181.1.181.105
Sri Lanka,Kolonnawa,Asia,38,Female,10:43 am,01/05/2024,soccer,Social Media,51.152.137.204
Russia,Sabnova,North America,67,Male,8:00 pm,11/15/2023,judo,TV,61.96.223.92
Sweden,Ekerö,Asia,72,Female,1:39 pm,12/31/2023,karate,Social Media,176.97.210.106
Indonesia,Langgapayung,North America,97,Male,4:14 pm,12/27/2023,table tennis,Online,146.101.205.233
Paraguay,Ayolas,Europe,58,Male,5:38 pm,12/18/2023,netball,Online,114.58.103.80
Indonesia,Panggungwinong,Asia,50,Female,7:01 am,12/30/2023,table tennis,TV,101.189.200.199
Indonesia,Pakusari,North America,19,Female,7:20 am,12/24/2023,badminton,Online,91.247.76.207
China,Lang,South America,72,Male,8:47 am,11/20/2023,tennis,TV,139.43.130.246
Indonesia,Manggissari,North America,89,Female,11:07 am,1/29/2024,tennis,Online,120.44.79.198
Canada,Notre-Dame-des-Prairies,North America,73,Female,3:00 am,12/29/2023,karate,Online,78.64.193.219
Portugal,Carrazeda de Ansiães,South America,80,Male,6:27 pm,12/20/2023,netball,TV,82.100.65.54
Russia,Orlovskiy,North America,36,Female,8:49 am,11/17/2023,tennis,Social Media,173.212.187.98
Spain,Ceuta,Africa,72,Female,8:17 pm,12/29/2023,tennis,Online,23.27.92.204
Canada,Petawawa,Australia,30,Male,8:48 pm,12/01/2023,netball,TV,164.103.154.182
Croatia,Varaždin,North America,91,Male,6:17 am,12/12/2023,soccer,Social Media,166.14.193.71
South Korea,Sinhyeon,South America,91,Female,7:54 pm,12/12/2023,soccer,Social Media,54.209.247.176
Sweden,Nybro,South America,94,Male,11:21 pm,1/26/2024,soccer,TV,191.58.144.50
Peru,Callahuanca,South America,81,Female,5:50 pm,1/18/2024,athletics,TV,21.16.84.219
Indonesia,Pasiripis,,74,Male,10:32 pm,1/20/2024,tennis,Social Media,186.37.240.23
Japan,Musashino,Africa,49,Male,2:10 am,11/11/2023,karate,Online,183.182.128.8
Ecuador,Machala,South America,19,Female,2:45 pm,12/02/2023,judo,Social Media,176.130.193.50
Peru,Mungui,,99,Male,1:18 am,1/29/2024,netball,Online,42.85.128.118
Sweden,Stockholm,Europe,85,Male,6:18 am,11/25/2023,karate,TV,179.213.72.26
South Africa,Ritchie,Asia,58,Female,7:27 pm,11/27/2023,badminton,Social Media,239.241.152.121
Moldova,Rîbniţa,Africa,45,Male,12:37 pm,11/02/2023,football,TV,196.4.194.77
Indonesia,Pangalangan,Asia,56,Female,3:06 pm,11/16/2023,table tennis,Social Media,156.181.167.225
Indonesia,Cangkuang,South America,66,Male,7:02 pm,12/12/2023,table tennis,TV,118.7.203.101
China,Hongqiao,Africa,29,Female,10:40 pm,01/05/2024,soccer,TV,115.98.153.68
Indonesia,Sundawenang,Australia,83,Female,10:52 am,12/15/2023,tennis,Social Media,237.94.188.239
Bolivia,Trinidad,North America,52,Female,3:15 am,12/20/2023,judo,Online,223.51.120.52
Croatia,Dežanovac,Asia,29,Female,7:58 am,01/07/2024,table tennis,Social Media,147.54.149.130
Colombia,Palmira,Africa,58,Female,5:19 am,11/10/2023,netball,Online,18.254.46.162
Indonesia,Terong,Asia,58,Male,6:05 am,11/02/2023,judo,Online,53.180.198.225
Brazil,Jaboatão,Asia,88,Male,2:18 pm,1/23/2024,football,Social Media,61.229.97.125
Japan,Inuotose,South America,89,Male,1:31 pm,1/27/2024,karate,TV,255.75.13.5
Turkey,Merkezköy,Europe,43,Female,3:10 am,11/08/2023,soccer,Online,202.16.8.168
Colombia,Puerto López,North America,43,Female,6:25 pm,12/23/2023,football,Social Media,161.14.131.50
China,Jinshandian,Europe,90,Male,8:43 pm,12/04/2023,netball,Social Media,191.199.97.79
China,Hengxi,Africa,92,Male,8:16 pm,11/17/2023,football,Social Media,73.54.93.128
China,Baishan,Asia,74,Male,2:31 pm,01/10/2024,judo,Online,121.162.178.129
Indonesia,Ombarade,Asia,41,Male,2:38 am,11/11/2023,athletics,Social Media,228.98.99.251
China,Weixin,South America,95,Male,3:15 pm,1/19/2024,judo,Social Media,30.22.137.81
China,Jiguan,Asia,57,Male,12:20 am,12/20/2023,netball,Social Media,224.70.117.191
China,Poyang,Africa,77,Female,8:53 pm,11/22/2023,tennis,Online,74.240.66.70
Sweden,Timrå,,57,Female,6:32 am,01/01/2024,badminton,Online,98.85.94.93
Vietnam,Thị Trấn Bình Mỹ,North America,47,Male,3:01 am,11/04/2023,football,Social Media,134.46.173.23
China,Zhongshan,North America,71,Female,3:09 am,1/19/2024,netball,Online,85.229.78.89
China,Xidoupu,Africa,98,Female,5:55 pm,01/11/2024,athletics,Social Media,1.55.126.148
Poland,Mikołów,,73,Female,8:15 am,1/30/2024,badminton,Social Media,168.58.18.203
Armenia,Hats’avan,Australia,81,Male,1:29 am,1/23/2024,football,TV,45.78.60.70
China,Lanxi,Asia,89,Male,8:04 pm,12/21/2023,tennis,Social Media,188.11.89.221
Cameroon,Mbouda,South America,69,Female,10:38 pm,12/20/2023,basketball,Online,126.73.139.183
China,Puji,Australia,29,Male,6:53 pm,11/13/2023,judo,Social Media,252.174.118.97
Indonesia,Sungi Liput,Asia,56,Female,11:42 pm,12/30/2023,judo,TV,209.95.125.34
Western Sahara,Dakhla,,25,Male,8:08 pm,01/04/2024,tennis,Online,15.127.99.245
Greece,Pentéli,Africa,75,Male,8:24 pm,12/11/2023,basketball,Social Media,47.191.85.241
Marshall Islands,Ebaye,Africa,82,Male,7:40 pm,11/14/2023,badminton,Social Media,177.136.86.36
Zambia,Mpika,Africa,33,Female,2:07 am,12/27/2023,table tennis,TV,145.113.123.129
Czech Republic,Jakartovice,Australia,20,Female,9:34 pm,12/04/2023,tennis,Online,66.189.173.157
Philippines,Guimbal,North America,65,Male,6:28 am,1/25/2024,netball,TV,130.250.210.94
Afghanistan,Rū-ye Sang,Europe,41,Male,10:44 am,12/13/2023,football,Social Media,77.191.139.166
Poland,Gąsocin,Asia,67,Male,8:18 am,1/15/2024,netball,Online,94.214.189.234
China,Jiangwakou,Australia,93,Female,2:40 pm,12/03/2023,badminton,Social Media,234.96.136.154
Thailand,Phra Yuen,Asia,69,Male,12:53 am,1/21/2024,athletics,TV,179.233.142.169
Azerbaijan,Bilajari,Africa,20,Male,6:45 am,01/05/2024,karate,Online,45.74.156.68
Portugal,São Miguel,,47,Male,10:47 am,11/21/2023,football,Social Media,17.100.134.130
Philippines,Tococ East,South America,76,Male,7:39 pm,11/23/2023,judo,Social Media,63.201.51.40
China,Tangzang,Australia,86,Male,4:02 pm,11/17/2023,football,Social Media,205.203.76.57
Benin,Dogbo,Australia,50,Male,8:27 pm,12/15/2023,tennis,TV,199.0.249.184
China,Longzhong,Africa,48,Female,7:15 pm,11/21/2023,basketball,Online,12.83.8.80
Indonesia,Banjar Wates Tengah,Africa,24,Female,8:51 pm,11/26/2023,soccer,TV,152.6.33.7
United States,Beaumont,South America,51,Female,2:15 pm,12/30/2023,soccer,Social Media,207.130.91.193
Russia,Ochër,Africa,54,Female,1:24 am,1/13/2024,badminton,Social Media,19.71.152.129
Indonesia,Pangkalanbunut,,41,Female,5:03 pm,11/26/2023,football,TV,239.169.5.180
China,Changle,North America,92,Female,9:07 am,11/15/2023,soccer,TV,138.118.51.65
Peru,Cajacay,North America,66,Male,7:12 am,11/09/2023,athletics,Social Media,32.117.117.130
Indonesia,Birsa,Africa,59,Female,11:30 pm,11/23/2023,football,Social Media,40.242.159.199
Indonesia,Pasar Kulon,North America,37,Male,6:43 pm,1/20/2024,netball,Online,127.3.10.234
Indonesia,Banjar Pangkungkarung Kangin,Europe,20,Female,2:13 am,12/16/2023,badminton,Online,248.204.238.12
Tunisia,Ar Riqāb,Australia,96,Female,9:15 am,1/23/2024,badminton,Social Media,48.126.34.65
Uzbekistan,Mang’it Shahri,Australia,22,Female,12:39 am,12/30/2023,badminton,TV,191.73.141.93
Argentina,Carlos Casares,Australia,69,Female,10:34 am,12/27/2023,table tennis,Social Media,71.104.3.11
Ukraine,Staryy Dobrotvir,South America,95,Female,12:34 am,1/29/2024,judo,Social Media,191.61.152.10
United States,Hartford,Asia,23,Male,6:08 am,11/25/2023,badminton,Social Media,57.180.184.60
Peru,Caleta Cruz,Africa,97,Female,11:15 am,11/08/2023,soccer,Online,164.114.191.47
Thailand,Chumphon Buri,,70,Female,9:30 pm,11/16/2023,judo,Online,63.79.26.188
Bosnia and Herzegovina,Mionica,,68,Female,9:56 am,1/15/2024,soccer,Online,96.47.46.254
France,Cournon-d'Auvergne,,47,Male,8:41 pm,12/30/2023,judo,Online,41.236.3.204
United States,Bryan,Asia,46,Male,5:52 pm,12/28/2023,karate,Social Media,59.228.166.82
Egypt,Aswan,South America,34,Male,1:41 pm,12/01/2023,table tennis,Online,231.114.75.113
Indonesia,Dalam,Europe,43,Male,9:27 pm,01/11/2024,judo,Social Media,238.130.102.233
Azerbaijan,Hövsan,Asia,23,Female,9:36 am,11/26/2023,athletics,TV,118.136.178.181
Thailand,Phuket,Europe,76,Female,5:09 am,11/15/2023,athletics,Social Media,116.170.44.159
Indonesia,Sanankerto,Australia,85,Female,11:56 am,01/05/2024,tennis,Social Media,125.209.37.120
Canada,Houston,Europe,94,Female,2:12 pm,1/14/2024,soccer,Online,56.157.55.245
Japan,Tsukawaki,Africa,94,Female,10:20 pm,1/24/2024,table tennis,Online,78.175.113.233
China,Danzao,Australia,75,Male,3:41 am,12/23/2023,basketball,Online,132.136.242.120
Philippines,Santiago,Australia,38,Male,3:03 pm,01/11/2024,badminton,TV,10.210.208.143
